Dr_in,Air_gap,Lamda,Bridge,Hs0,Hs1,Hs2,Bs0,Bs1,Bs2,O1,O2,B1,rib,hrib,Mt,Mw,magDmin,thet_deg,generation,score,efficiency,torque_ripple,power_density,cost
50.0,1.5,1.0,2.0,1.9,1.3,28.0,4.0,9.0,5.0,1.0,7.0,4.7,8.0,6.0,6.0,16.0,0.0,81.0,1,47.805732478632486,88.45555555555556,40.75,0.2991538461538461,148.2
50.0,1.4,1.0,2.9,1.9,2.0,26.0,2.5,8.5,14.0,2.0,6.0,4.2,14.0,4.5,5.8,18.0,8.0,72.0,1,50.45284273504272,89.58555555555554,39.225,0.28530769230769226,151.1
70.0,0.9,0.9,1.4,1.7,1.9,22.0,3.0,5.5,10.0,5.0,7.0,3.7,12.0,3.5,5.0,22.0,9.0,23.0,1,64.51221709401709,93.95555555555555,29.55,0.30992307692307697,144.9
70.0,1.1,1.0,1.1,1.9,1.1,22.0,3.0,6.5,14.0,3.0,7.0,3.7,3.0,2.0,5.6,16.0,6.0,38.0,1,62.36555726495727,92.97111111111111,30.725,0.3326923076923077,140.7
70.0,1.1,0.8,1.8,1.3,2.0,20.0,2.5,7.0,8.0,7.0,3.0,3.7,15.0,2.0,4.8,26.0,5.0,63.0,1,61.43498888888889,92.93555555555555,31.6,0.29800000000000004,148.7
60.0,0.8,0.9,1.7,1.1,1.4,18.0,3.0,6.0,10.0,8.0,6.5,3.2,4.0,4.5,5.6,30.0,4.0,23.0,1,62.604581196581194,92.96555555555555,30.475,0.33338461538461533,158.0
75.0,1.5,1.0,2.3,1.7,1.6,19.0,3.0,7.5,13.0,3.0,4.0,3.7,8.0,5.0,5.8,16.0,4.0,69.0,1,56.739232478632495,91.70222222222223,35.074999999999996,0.3211538461538461,145.7
65.0,1.1,1.0,1.0,1.8,1.1,30.0,2.0,4.5,8.0,13.0,3.0,3.7,3.0,4.0,6.0,18.0,10.0,45.0,1,62.573535042735045,92.55555555555556,30.1,0.3346923076923077,148.1
85.0,1.2,1.0,1.3,1.8,1.0,21.0,2.5,9.0,9.0,9.0,2.5,3.7,11.0,6.0,4.6,18.0,2.0,2.0,1,65.58563760683761,94.5988888888889,29.125,0.3132307692307692,134.6
65.0,1.0,1.0,2.3,1.6,1.6,25.0,4.0,4.0,12.0,6.0,4.5,3.7,7.0,3.0,5.0,12.0,5.0,40.0,1,58.752930769230765,92.51666666666667,33.875,0.30946153846153845,130.4
70.0,1.2,1.0,2.8,1.2,1.7,20.0,3.5,7.0,11.0,9.0,2.5,3.7,12.0,4.0,5.0,22.0,4.0,25.0,1,58.25366153846154,93.05,34.9,0.30392307692307696,144.9
55.0,0.8,0.9,2.0,1.2,1.4,25.0,2.0,7.5,5.0,13.0,6.0,3.7,13.0,2.0,5.0,20.0,8.0,2.0,1,61.63802991452991,92.63888888888889,31.1,0.2936153846153846,143.0
70.0,1.1,1.0,1.1,1.9,1.1,22.0,3.0,6.5,14.0,3.0,7.0,3.7,3.0,2.0,5.6,16.0,6.0,38.0,2,62.36555726495727,92.97111111111111,30.725,0.3326923076923077,140.7
60.0,0.8,0.9,1.7,1.1,1.4,18.0,3.0,6.0,10.0,8.0,6.5,3.2,4.0,4.5,5.6,30.0,4.0,23.0,2,62.604581196581194,92.96555555555555,30.475,0.33338461538461533,158.0
65.0,1.1,1.0,1.0,1.8,1.1,30.0,2.0,4.5,8.0,13.0,3.0,3.7,3.0,4.0,6.0,18.0,10.0,45.0,2,62.573535042735045,92.55555555555556,30.1,0.3346923076923077,148.1
85.0,1.1,0.8,1.3,1.0,1.0,19.0,2.5,4.5,8.0,13.0,3.5,3.2,3.0,4.0,4.4,12.0,10.0,45.0,2,66.84410170940171,94.99555555555555,28.275,0.32769230769230767,120.9
60.0,0.8,0.9,1.7,1.3,1.4,18.0,4.0,6.0,10.0,8.0,6.5,3.2,4.0,4.5,5.6,30.0,4.0,23.0,2,61.00458119658119,92.56555555555555,31.675,0.33338461538461533,158.0
75.0,1.5,1.0,2.3,1.7,1.6,19.0,3.0,7.5,13.0,3.0,4.0,3.7,8.0,5.0,5.8,16.0,4.0,69.0,2,56.739232478632495,91.70222222222223,35.074999999999996,0.3211538461538461,145.7
85.0,1.2,1.0,1.3,1.8,1.0,21.0,2.5,9.0,9.0,9.0,2.5,3.7,11.0,6.0,4.6,18.0,2.0,2.0,2,65.58563760683761,94.5988888888889,29.125,0.3132307692307692,134.6
65.0,1.0,1.0,2.3,1.6,1.6,25.0,4.0,4.0,12.0,6.0,4.5,3.7,7.0,3.0,5.0,12.0,5.0,40.0,2,58.752930769230765,92.51666666666667,33.875,0.30946153846153845,130.4
65.0,1.2,1.0,1.0,1.9,1.0,20.0,2.0,9.0,8.0,7.0,2.5,3.7,11.0,6.0,6.0,18.0,0.0,2.0,2,61.24530427350428,92.2388888888889,31.1,0.3142307692307692,152.1
65.0,1.0,1.0,2.3,1.6,1.6,24.0,3.5,3.0,12.0,8.0,6.0,3.7,7.0,3.0,5.0,14.0,5.0,40.0,2,59.552630769230774,92.71666666666667,33.275,0.31046153846153846,132.8
65.0,1.0,0.9,2.3,1.3,1.6,25.0,4.0,4.0,12.0,6.0,3.5,3.7,7.0,2.5,5.0,12.0,5.0,40.0,2,58.752930769230765,92.51666666666667,33.875,0.30946153846153845,130.4
65.0,1.0,1.0,2.3,1.7,1.6,19.0,3.0,3.0,14.0,3.0,4.0,3.7,8.0,3.0,5.8,12.0,4.0,70.0,2,59.96761025641027,91.93,32.074999999999996,0.3191538461538461,140.9
70.0,1.1,1.0,1.1,1.9,1.1,22.0,3.0,6.5,14.0,3.0,7.0,3.7,3.0,2.0,5.6,16.0,6.0,38.0,3,62.36555726495727,92.97111111111111,30.725,0.3326923076923077,140.7
85.0,1.1,0.8,1.3,1.0,1.0,19.0,2.5,4.5,8.0,13.0,3.5,3.2,3.0,4.0,4.4,12.0,10.0,45.0,3,66.84410170940168,94.99555555555554,28.275,0.32769230769230767,120.9
80.0,1.1,1.0,1.1,2.0,1.1,22.0,3.0,6.5,14.0,3.0,7.0,3.7,3.0,3.5,5.6,16.0,5.0,38.0,3,64.27026781479984,93.65608167673159,29.508427766904116,0.33906142988963905,140.75042991735242
85.0,1.2,1.0,1.3,1.8,1.0,21.0,2.5,9.0,9.0,9.0,2.5,3.7,11.0,6.0,4.6,18.0,2.0,2.0,3,65.58563760683761,94.5988888888889,29.125,0.3132307692307692,134.6
65.0,1.0,1.0,2.3,1.6,1.6,25.0,4.0,4.0,12.0,6.0,4.5,3.7,7.0,3.0,5.0,12.0,5.0,40.0,3,58.75293076923078,92.51666666666668,33.875,0.30946153846153845,130.4
65.0,1.0,0.9,2.3,1.3,1.6,25.0,4.0,4.0,12.0,6.0,3.5,3.7,7.0,2.5,5.0,12.0,5.0,40.0,3,58.75293076923078,92.51666666666668,33.875,0.30946153846153845,130.4
65.0,1.0,1.0,2.3,1.7,1.6,19.0,3.0,3.0,14.0,3.0,4.0,3.7,8.0,3.0,5.8,12.0,4.0,70.0,3,59.96761025641027,91.93,32.074999999999996,0.3191538461538461,140.9
75.0,1.2,1.0,1.3,1.8,1.6,21.0,1.5,7.5,13.0,4.0,2.5,3.7,11.0,6.0,5.8,24.0,4.0,1.0,3,63.805884906733084,93.37422106983053,29.67835621756047,0.3223349038789563,153.44219242934733
75.0,1.1,1.0,1.1,1.7,1.6,22.0,3.0,7.5,14.0,3.0,7.0,3.7,3.0,2.5,5.6,20.0,4.0,38.0,3,63.29898251915325,93.3343765566356,30.155311834393203,0.33609062407125134,144.38254537431908
65.0,0.9,1.0,2.3,1.6,1.6,30.0,3.5,3.0,12.0,13.0,3.0,3.7,3.0,3.0,5.0,18.0,10.0,40.0,3,60.50461706084985,92.87020927082025,32.48119446343942,0.32131449322827776,135.164979435352
65.0,1.1,1.0,1.0,1.5,1.1,30.0,1.5,4.5,8.0,13.0,3.0,3.7,3.0,4.0,6.0,18.0,10.0,45.0,3,63.10016953086237,92.720432388581,29.73776478706423,0.3333752801827596,147.55713223737666
85.0,1.5,1.0,2.3,1.7,1.0,19.0,3.0,9.0,9.0,8.0,2.5,3.7,8.0,6.0,4.6,16.0,2.0,72.0,3,59.627354870155855,93.130405807908,33.61546023616508,0.3135638113339734,133.11782176218438
70.0,1.1,1.0,1.1,1.9,1.1,22.0,3.0,6.5,14.0,3.0,7.0,3.7,3.0,2.0,5.6,16.0,6.0,38.0,4,62.36555726495727,92.97111111111111,30.725,0.3326923076923077,140.7
85.0,1.1,0.8,1.3,1.0,1.0,19.0,2.5,4.5,8.0,13.0,3.5,3.2,3.0,4.0,4.4,12.0,10.0,45.0,4,66.84410170940171,94.99555555555555,28.275,0.32769230769230767,120.9
80.0,1.1,1.0,1.1,2.0,1.1,22.0,3.0,6.5,14.0,3.0,7.0,3.7,3.0,3.5,5.6,16.0,5.0,38.0,4,64.9744530629006,93.85770051473449,29.007033996085482,0.34138519168334697,140.71815477024685
70.0,0.8,1.0,1.1,1.6,1.1,22.0,2.0,6.5,14.0,3.0,7.0,3.7,3.0,2.0,5.6,16.0,6.0,38.0,4,65.9640311610247,93.77082635254459,27.92838323142138,0.3371259934043978,140.92487040210435
70.0,1.1,1.0,1.1,1.6,1.1,22.0,3.0,6.5,14.0,3.0,7.0,4.7,3.0,2.0,5.6,14.0,6.0,38.0,4,62.542721967483125,93.03642852904647,30.613573437696328,0.33266090080516264,139.39072280881535
65.0,1.0,0.9,2.3,1.3,1.6,25.0,4.0,4.0,12.0,6.0,3.5,3.7,7.0,2.5,5.0,12.0,5.0,40.0,4,58.75293076923078,92.51666666666668,33.875,0.30946153846153845,130.4
85.0,1.2,1.0,1.3,1.7,1.0,21.0,1.5,9.0,7.0,8.0,2.5,3.7,11.0,6.0,4.6,18.0,2.0,2.0,4,66.23032631705257,94.70944709710918,28.590677413794573,0.31328246954990696,135.2538031109826
80.0,1.1,1.0,1.1,2.0,1.1,22.0,3.0,5.0,14.0,6.0,7.0,3.7,3.0,3.0,5.6,16.0,5.0,38.0,4,64.52523869091,93.69743469452257,29.295185296886824,0.33989593080011665,140.8760163774034
75.0,1.2,1.0,1.3,1.8,1.6,21.0,1.5,7.5,13.0,4.0,2.5,3.7,11.0,6.0,5.8,24.0,4.0,1.0,4,64.30228841257777,93.45258625180566,29.26020823832177,0.32354825770411655,155.59118927456504
90.0,1.2,1.0,2.3,1.7,1.0,21.0,2.5,3.0,14.0,3.0,4.0,3.7,8.0,6.0,4.6,12.0,0.0,70.0,4,62.92582328867651,93.70396294886656,30.89480851627335,0.32093497404424776,131.3958928164685
65.0,0.9,1.0,2.3,1.6,1.6,30.0,3.5,3.0,12.0,13.0,3.0,3.7,3.0,3.0,5.0,18.0,10.0,40.0,4,60.698982347034146,92.93194200416195,32.34923000683819,0.32283629448525697,135.4433925967267
85.0,1.2,1.0,1.3,1.8,1.0,21.0,2.5,9.0,9.0,9.0,2.5,3.7,11.0,6.0,4.6,18.0,2.0,2.0,4,65.58563760683761,94.5988888888889,29.125,0.3132307692307692,134.6
85.0,1.1,0.8,1.3,1.0,1.0,19.0,2.5,4.5,8.0,13.0,3.5,3.2,3.0,4.0,4.4,12.0,10.0,45.0,5,66.84410170940171,94.99555555555555,28.275,0.32769230769230767,120.9
70.0,0.8,1.0,1.1,1.6,1.1,22.0,2.0,6.5,14.0,3.0,7.0,3.7,3.0,2.0,5.6,16.0,6.0,38.0,5,66.87638473506964,93.95297442699918,27.19862395108226,0.33794047683411094,140.80793779301007
85.0,1.2,1.0,1.3,1.7,1.0,21.0,1.5,9.0,7.0,8.0,2.5,3.7,11.0,6.0,4.6,18.0,2.0,2.0,5,66.72708818774079,94.85995682883464,28.244525158621393,0.31325558538395537,134.91382549327164
80.0,1.1,1.0,1.1,2.0,1.1,22.0,3.0,5.0,14.0,6.0,7.0,3.7,3.0,3.0,5.6,16.0,5.0,38.0,5,64.96480434941456,93.83974643114861,28.998688942505677,0.341350046784056,140.78448786115365
70.0,0.8,0.9,1.4,1.6,1.1,22.0,3.0,6.5,14.0,3.0,7.0,3.7,2.0,2.0,5.6,14.0,5.0,38.0,5,64.49967478602753,93.44483121564492,29.067229478599508,0.33695645869513324,139.21554109637452
80.0,1.0,1.0,1.1,2.0,1.1,22.0,3.0,6.5,14.0,3.0,7.0,4.7,3.0,5.0,5.6,16.0,5.0,38.0,5,65.280790316201,93.8635583312996,28.70650921107285,0.3412174450186214,140.60257960518356
85.0,1.3,0.8,1.1,2.0,1.0,19.0,3.0,6.5,14.0,3.0,3.5,3.2,3.0,4.0,5.6,10.0,10.0,38.0,5,64.06152338586912,93.71590256317185,29.77823424960659,0.3390298626932472,136.9795771282894
90.0,1.1,1.0,1.3,1.0,1.1,22.0,3.5,4.5,7.0,13.0,7.0,3.7,3.0,3.5,4.6,16.0,5.0,45.0,5,65.88703707093066,94.65826458271172,28.894800007037666,0.3322997258289739,127.73210297362635
85.0,1.2,1.0,1.5,1.8,1.0,21.0,1.5,9.0,7.0,8.0,3.5,3.7,11.0,6.0,5.0,18.0,3.0,2.0,5,66.44807787969538,94.73859949255194,28.402937758404583,0.31635774187423293,137.28817616727386
75.0,0.8,1.0,1.0,1.8,1.6,22.0,2.0,9.0,13.0,4.0,2.0,3.2,3.0,2.0,5.4,24.0,4.0,1.0,5,66.59704419671633,93.94262127443918,27.465282879249038,0.33775577522999345,147.5162582664493
80.0,1.1,1.0,1.1,2.0,1.1,22.0,3.0,6.5,14.0,3.0,7.0,3.7,3.0,3.5,5.6,16.0,5.0,38.0,5,64.84241832888172,93.81989698260895,29.101045328113976,0.3409494863470267,140.72420636032916
70.0,1.1,1.0,1.1,1.9,1.1,22.0,3.0,6.5,14.0,3.0,7.0,3.7,3.0,2.0,5.6,16.0,6.0,38.0,5,62.36555726495727,92.97111111111111,30.725,0.3326923076923077,140.7
85.0,1.1,0.8,1.3,1.0,1.0,19.0,2.5,4.5,8.0,13.0,3.5,3.2,3.0,4.0,4.4,12.0,10.0,45.0,6,66.84410170940171,94.99555555555555,28.275,0.32769230769230767,120.9
70.0,0.8,1.0,1.1,1.6,1.1,22.0,2.0,6.5,14.0,3.0,7.0,3.7,3.0,2.0,5.6,16.0,6.0,38.0,6,67.2132537470247,94.02022910064395,26.929174370649356,0.33824120917738965,140.76476267580603
85.0,1.2,1.0,1.3,1.7,1.0,21.0,1.5,9.0,7.0,8.0,2.5,3.7,11.0,6.0,4.6,18.0,2.0,2.0,6,66.91050795537953,94.91552965285635,28.116715095172836,0.31324565892268086,134.788295295963
80.0,1.0,1.0,1.1,2.0,1.1,22.0,3.0,6.5,14.0,3.0,7.0,4.7,3.0,5.0,5.6,16.0,5.0,38.0,6,65.81709709570352,94.00657944322421,28.31390552664371,0.34260739008809593,140.64154776311014
85.0,1.3,0.8,1.1,2.0,1.0,19.0,3.0,6.5,14.0,3.0,3.5,3.2,3.0,4.0,5.6,10.0,10.0,38.0,6,64.18569693750437,93.81798598234755,29.756940549763954,0.33969484069287137,135.58774627697363
90.0,1.1,1.0,1.3,1.0,1.1,22.0,3.5,4.5,7.0,13.0,7.0,3.7,3.0,3.5,4.6,16.0,5.0,45.0,6,66.25888959298577,94.80118097184926,28.666880004222598,0.3344567585743074,127.91926178417582
85.0,0.8,1.0,1.1,2.0,1.1,22.0,2.0,5.0,14.0,6.0,7.0,4.2,3.0,2.0,5.6,16.0,5.0,38.0,6,68.09849277871675,94.52060431013265,26.54764879452474,0.34492691413873866,140.77858188159877
85.0,1.0,0.8,1.4,1.8,1.0,19.0,3.0,6.5,14.0,4.0,7.0,3.2,3.0,4.0,5.6,10.0,10.0,38.0,6,65.79306472810443,94.10463830779793,28.437036992389963,0.3422998373819792,137.05951798356338
85.0,1.2,1.0,1.3,1.7,1.0,21.0,1.5,9.0,7.0,5.0,2.0,3.2,11.0,6.0,5.0,14.0,2.0,2.0,6,66.63780185010444,94.76377888316546,28.23854486526061,0.3152390002087473,135.1550037143564
70.0,0.8,1.0,1.1,1.6,1.1,22.0,2.0,6.5,14.0,3.0,7.0,3.7,3.0,2.0,5.6,10.0,6.0,38.0,6,66.1691696664432,93.79664048579961,27.749555429271,0.3360120300091335,137.76421526994108
90.0,1.2,0.8,1.4,1.8,1.0,18.0,1.5,9.0,7.0,8.0,3.5,3.7,11.0,6.0,5.0,18.0,3.0,1.0,6,67.15421809004606,94.9495169183061,27.9086322695861,0.31804389127530475,137.06551293479367
60.0,0.8,0.8,1.1,1.4,1.2,19.0,3.0,6.5,14.0,3.0,3.5,3.7,2.0,3.0,5.6,12.0,4.0,38.0,6,61.978191483981746,92.8763256656977,31.015719317525836,0.3248323876607052,134.49317406144033
85.0,1.1,0.8,1.3,1.0,1.0,19.0,2.5,4.5,8.0,13.0,3.5,3.2,3.0,4.0,4.4,12.0,10.0,45.0,7,66.84410170940171,94.99555555555555,28.275,0.32769230769230767,120.9
85.0,1.2,1.0,1.3,1.7,1.0,21.0,1.5,9.0,7.0,8.0,2.5,3.7,11.0,6.0,4.6,18.0,2.0,2.0,7,66.85548202508791,94.89885780564983,28.1550581142074,0.31324863686106325,134.8259543551556
85.0,1.3,0.8,1.1,2.0,1.0,19.0,3.0,6.5,14.0,3.0,3.5,3.2,3.0,4.0,5.6,10.0,10.0,38.0,7,64.14844487201381,93.78736095659485,29.763328659716745,0.33949534729298414,136.00529553236836
85.0,0.8,1.0,1.1,2.0,1.1,22.0,2.0,5.0,14.0,6.0,7.0,4.2,3.0,2.0,5.6,16.0,5.0,38.0,7,69.25421083486407,94.8287462144066,25.701307132057813,0.34738122433373797,140.7565789547511
90.0,1.2,0.8,1.4,1.8,1.0,18.0,1.5,9.0,7.0,8.0,3.5,3.7,11.0,6.0,5.0,18.0,3.0,1.0,7,67.5820666658588,95.05231884784706,27.584215234101993,0.3197762171028348,137.77516931305144
90.0,1.1,1.0,1.3,1.0,1.1,22.0,3.5,4.5,7.0,13.0,7.0,3.7,3.0,3.5,4.6,16.0,5.0,45.0,7,66.14733383636921,94.758306055108,28.73525600506712,0.33380964875070734,127.86311414101097
85.0,0.6,0.8,1.1,2.0,1.2,19.0,2.0,5.0,11.0,3.0,7.0,3.2,3.0,4.0,5.6,16.0,10.0,38.0,7,67.85568815745206,94.47861649273474,26.749012881443612,0.34459451242252614,138.63813015103327
70.0,0.7,0.8,1.1,1.0,1.0,19.0,2.0,6.5,8.0,5.0,3.5,3.2,3.0,4.0,5.6,10.0,6.0,38.0,7,66.60083375537998,94.45545840668053,27.977367414031992,0.3299993958421129,126.77080556889925
85.0,0.6,0.8,1.1,1.9,1.1,19.0,3.0,6.5,14.0,3.0,3.5,4.7,3.0,2.0,5.6,10.0,8.0,38.0,7,67.10906363920857,94.26926160257061,27.285796953447544,0.3420412910698577,136.2649663482338
90.0,0.8,1.0,1.3,1.0,1.1,22.0,3.5,5.5,7.0,3.0,7.0,3.7,3.0,3.5,5.6,16.0,6.0,38.0,7,67.52135594041344,94.57404817474719,27.178308656274414,0.3422314104058106,136.49784978674404
90.0,1.2,1.0,1.3,1.7,1.0,20.0,1.5,9.0,7.0,8.0,2.0,4.2,11.0,6.0,5.0,16.0,2.0,1.0,7,67.09633568801321,94.92728026075801,27.943891847647212,0.3164870953357726,135.88881829642813
85.0,1.0,0.8,1.4,1.8,1.0,19.0,3.0,6.5,14.0,4.0,7.0,3.2,3.0,4.0,5.6,10.0,10.0,38.0,7,66.34099463842323,94.27725069272563,28.062666634520774,0.3435297290688712,136.06285294816564
85.0,0.8,1.0,1.1,2.0,1.1,22.0,2.0,5.0,14.0,6.0,7.0,4.2,3.0,2.0,5.6,16.0,5.0,38.0,8,69.99717244238737,95.02683743858273,25.15723034904336,0.3489589951733804,140.74243421606332
90.0,1.2,0.8,1.4,1.8,1.0,18.0,1.5,9.0,7.0,8.0,3.5,3.7,11.0,6.0,5.0,18.0,3.0,1.0,8,67.85711217888128,95.11840580255196,27.375661425576496,0.3208898551348184,138.23137698478857
90.0,1.1,1.0,1.3,1.0,1.1,22.0,3.5,4.5,7.0,13.0,7.0,3.7,3.0,3.5,4.6,16.0,5.0,45.0,8,66.1194448972151,94.7475873259227,28.75235000527825,0.33364787129480733,127.84907723021976
85.0,0.6,0.8,1.1,2.0,1.2,19.0,2.0,5.0,11.0,3.0,7.0,3.2,3.0,4.0,5.6,16.0,10.0,38.0,8,69.57378043432834,94.88924014732882,25.443009661082712,0.3478689612399716,139.15359761327494
70.0,0.7,0.8,1.1,1.0,1.0,19.0,2.0,6.5,8.0,5.0,3.5,3.2,3.0,4.0,5.6,10.0,6.0,38.0,8,67.1932396327743,94.43437158278817,27.364275560523996,0.3319226238046616,128.45310417667443
85.0,0.6,0.8,1.1,1.9,1.1,19.0,3.0,6.5,14.0,3.0,3.5,4.7,3.0,2.0,5.6,10.0,8.0,38.0,8,68.61403704564574,94.63222397970573,26.145597715085657,0.3452040452254702,135.57372476117536
90.0,0.8,1.0,1.3,1.0,1.1,22.0,3.5,5.5,7.0,3.0,7.0,3.7,3.0,3.5,5.6,16.0,6.0,38.0,8,68.4106562715494,94.81081390883817,26.527481492205812,0.3463466347274349,137.548387340058
90.0,1.2,1.0,1.3,1.7,1.0,20.0,1.5,9.0,7.0,8.0,2.0,4.2,11.0,6.0,5.0,16.0,2.0,1.0,8,67.52413894549707,95.02462686223517,27.61416888573541,0.31817301380952173,136.21661372232109
85.0,1.0,0.8,1.4,1.8,1.0,19.0,3.0,6.5,14.0,4.0,7.0,3.2,3.0,4.0,5.6,10.0,10.0,38.0,8,66.69323529505675,94.388215797322,27.821999975890577,0.3443203737247303,135.42213971112423
90.0,1.1,1.0,1.3,1.0,1.1,22.0,3.5,4.5,7.0,13.0,7.0,3.7,3.0,3.5,4.6,16.0,5.0,45.0,8,66.1194448972151,94.7475873259227,28.75235000527825,0.33364787129480733,127.84907723021976
85.0,1.1,0.8,1.5,1.0,1.0,19.0,1.5,5.0,7.0,13.0,2.5,3.2,3.0,6.0,4.4,12.0,2.0,45.0,8,67.18160170940169,95.09555555555553,28.037499999999998,0.32769230769230767,120.9
85.0,0.6,1.0,1.1,1.0,1.1,22.0,3.5,4.5,7.0,6.0,7.0,4.7,3.0,3.5,5.6,16.0,5.0,38.0,8,67.51186439962048,94.68486447906076,27.298872385489513,0.341318436070621,134.36073595824402
90.0,1.2,0.8,1.4,1.8,1.0,18.0,1.5,9.0,7.0,8.0,3.5,3.7,11.0,6.0,5.0,18.0,3.0,1.0,9,67.85711217888128,95.11840580255196,27.375661425576496,0.3208898551348184,138.23137698478857
90.0,1.1,1.0,1.3,1.0,1.1,22.0,3.5,4.5,7.0,13.0,7.0,3.7,3.0,3.5,4.6,16.0,5.0,45.0,9,66.1194448972151,94.7475873259227,28.75235000527825,0.33364787129480733,127.84907723021976
85.0,0.6,0.8,1.1,2.0,1.2,19.0,2.0,5.0,11.0,3.0,7.0,3.2,3.0,4.0,5.6,16.0,10.0,38.0,9,70.86234964198556,95.19720788827439,24.463507245812036,0.3503247978530556,139.5401982099562
85.0,0.6,0.8,1.1,1.9,1.1,19.0,3.0,6.5,14.0,3.0,3.5,4.7,3.0,2.0,5.6,10.0,8.0,38.0,9,68.61403704564574,94.63222397970573,26.145597715085657,0.3452040452254702,135.57372476117536
90.0,0.8,1.0,1.3,1.0,1.1,22.0,3.5,5.5,7.0,3.0,7.0,3.7,3.0,3.5,5.6,16.0,6.0,38.0,9,68.4106562715494,94.81081390883817,26.527481492205812,0.3463466347274349,137.548387340058
90.0,1.1,1.0,1.3,1.0,1.1,22.0,3.5,4.5,7.0,13.0,7.0,3.7,3.0,3.5,4.6,16.0,5.0,45.0,9,66.1194448972151,94.7475873259227,28.75235000527825,0.33364787129480733,127.84907723021976
85.0,1.1,0.8,1.5,1.0,1.0,19.0,1.5,5.0,7.0,13.0,2.5,3.2,3.0,6.0,4.4,12.0,2.0,45.0,9,67.4347267094017,95.17055555555555,27.859375,0.32769230769230767,120.9
85.0,0.6,1.0,1.1,1.0,1.1,22.0,3.5,4.5,7.0,6.0,7.0,4.7,3.0,3.5,5.6,16.0,5.0,38.0,9,68.71591261595468,94.89392613707335,26.305404289117135,0.3454119039760427,135.945551968683
90.0,0.8,0.8,1.1,1.0,1.0,21.0,2.0,6.5,7.0,6.0,7.0,4.2,3.0,2.0,4.6,16.0,5.0,38.0,9,68.8254524071878,95.11814738104931,26.418313848950362,0.3376117328836303,129.56097405890864
85.0,0.6,0.8,1.1,2.0,1.1,19.0,3.0,6.5,14.0,3.0,2.0,4.7,3.0,2.0,5.6,10.0,8.0,38.0,9,68.30239451345778,94.57329072005997,26.39808327075356,0.34454761597485306,135.26023150817593
85.0,1.1,0.8,1.5,1.0,1.0,19.0,1.5,4.0,7.0,13.0,2.0,3.7,3.0,6.0,4.4,12.0,5.0,45.0,9,67.2640354764865,95.11998037543253,27.979491052792188,0.3276923076923077,120.9
85.0,1.1,0.8,1.6,1.0,1.0,19.0,1.5,5.0,7.0,13.0,2.5,3.2,3.0,6.0,4.4,14.0,2.0,45.0,9,67.32820713473546,95.14827568158039,27.943539700691073,0.32794230769230776,121.50000000000003
85.0,0.6,0.8,1.1,2.0,1.2,19.0,2.0,5.0,11.0,3.0,7.0,3.2,3.0,4.0,5.6,16.0,10.0,38.0,10,70.86234964198556,95.19720788827439,24.463507245812036,0.3503247978530556,139.5401982099562
90.0,0.8,0.8,1.1,1.0,1.0,21.0,2.0,6.5,7.0,6.0,7.0,4.2,3.0,2.0,4.6,16.0,5.0,38.0,10,69.96289528829683,95.46888831356476,25.632485386712773,0.33913187658579963,129.2207305441815
90.0,1.2,0.8,1.1,2.0,1.1,19.0,3.0,9.0,14.0,8.0,2.0,4.7,3.0,6.0,5.0,10.0,8.0,1.0,10,66.04717015579799,94.25494471072886,28.333726941260235,0.3408470331415683,133.41339072426092
90.0,1.1,0.8,1.5,1.0,1.0,21.0,3.5,3.0,7.0,13.0,7.0,3.2,3.0,5.0,4.0,12.0,2.0,45.0,10,66.72189337606835,95.06055555555554,28.4625,0.32744230769230764,119.65
90.0,1.1,1.0,1.3,1.0,1.1,22.0,3.5,4.5,7.0,13.0,7.0,3.7,3.0,4.5,4.6,14.0,5.0,45.0,10,66.25896459298576,94.80118097184928,28.6668800042226,0.33420675857430737,127.3192617841758
85.0,0.6,0.8,1.1,2.0,1.1,19.0,3.0,6.5,14.0,3.0,2.0,4.7,3.0,2.0,5.6,10.0,8.0,38.0,10,69.50903520133265,94.86024581782276,25.479812453065172,0.3470837889042167,134.82017363113195
90.0,1.1,1.0,1.3,1.8,1.0,18.0,3.5,4.0,7.0,8.0,3.5,3.2,2.0,2.5,5.0,16.0,5.0,44.0,10,66.30010861007977,94.76673652740483,28.591880004222602,0.33653368165123043,129.04426178417577
90.0,0.8,1.0,1.7,1.0,1.1,16.0,3.5,7.5,7.0,8.0,3.5,3.7,4.0,6.0,6.0,16.0,6.0,1.0,10,68.70410659359703,94.8438989932661,26.267939303646834,0.34888465220706133,138.8862663772769
90.0,1.1,1.0,1.3,1.0,1.1,19.0,1.5,5.5,7.0,13.0,2.5,3.7,3.0,3.5,4.6,12.0,5.0,45.0,10,67.23793532656099,95.05963916205312,27.9463533595892,0.3330733799216259,125.661497591206
85.0,1.1,0.8,1.5,1.0,1.0,19.0,1.5,5.0,7.0,13.0,2.5,3.2,3.0,6.0,4.4,12.0,2.0,45.0,10,67.62457045940171,95.22680555555556,27.72578125,0.32769230769230767,120.9
85.0,1.1,0.8,1.6,1.0,1.0,19.0,1.5,5.0,7.0,13.0,2.5,3.2,3.0,6.0,4.4,14.0,2.0,45.0,10,67.51335577840203,95.21009565007418,27.820154775518304,0.3281298076923077,121.95000000000003
85.0,0.6,1.0,1.1,2.0,1.1,22.0,3.5,5.0,7.0,3.0,3.5,4.7,3.0,2.0,5.6,10.0,5.0,38.0,10,69.6200095789053,94.97352755006355,25.481700118445655,0.3478768658816328,137.26885696021938
85.0,0.6,0.8,1.1,2.0,1.2,19.0,2.0,5.0,11.0,3.0,7.0,3.2,3.0,4.0,5.6,16.0,10.0,38.0,11,71.82877654772848,95.42818369398356,23.728880434359027,0.3521666753128686,139.83014865746713
90.0,0.8,0.8,1.1,1.0,1.0,21.0,2.0,6.5,7.0,6.0,7.0,4.2,3.0,2.0,4.6,16.0,5.0,38.0,11,70.8159774491286,95.73194401295135,25.04311404003458,0.34027198436242667,128.9655479081361
90.0,1.1,0.8,1.5,1.0,1.0,21.0,3.5,3.0,7.0,13.0,7.0,3.2,3.0,5.0,4.0,12.0,2.0,45.0,11,66.63023712606837,95.10930555555555,28.603125,0.32725480769230764,118.7125
90.0,0.8,1.0,1.7,1.0,1.1,16.0,3.5,7.5,7.0,8.0,3.5,3.7,4.0,6.0,6.0,16.0,6.0,1.0,11,69.14661135545418,94.91209091161625,25.894704477735125,0.35225964300144985,140.71469978295767
90.0,1.2,0.9,1.3,1.7,1.0,18.0,4.0,3.5,7.0,13.0,2.0,3.2,3.0,4.5,4.4,10.0,9.0,1.0,11,66.20034993954752,94.85029882377455,28.774209961383153,0.3295653311248211,121.564765218862
90.0,1.1,1.0,1.3,1.3,1.0,22.0,3.5,4.0,7.0,13.0,7.0,3.2,3.0,3.5,5.2,12.0,5.0,45.0,11,66.31203959298578,94.74118097184927,28.554380004222597,0.3362067585743074,128.59426178417579
90.0,0.8,0.8,1.1,1.0,1.0,19.0,3.0,6.5,14.0,8.0,7.0,4.2,3.0,6.0,5.0,10.0,8.0,38.0,11,68.56633172110267,94.97543632316376,26.53659614721496,0.34279610734422183,131.71952555471918
90.0,1.1,1.0,1.3,1.0,1.1,19.0,1.5,5.5,7.0,13.0,2.5,3.7,3.0,3.5,4.6,12.0,5.0,45.0,11,67.93276858893783,95.24861826042871,27.4410150196919,0.33372811186429635,125.09612319340451
85.0,0.6,0.8,1.1,2.0,1.1,19.0,3.0,6.5,14.0,3.0,2.0,4.7,3.0,2.0,5.6,10.0,8.0,38.0,11,69.50903520133265,94.86024581782276,25.479812453065172,0.3470837889042167,134.82017363113195
85.0,0.6,1.0,1.1,2.0,1.1,22.0,3.5,5.0,7.0,3.0,3.5,4.7,3.0,2.0,5.6,10.0,5.0,38.0,11,70.2972465004183,95.11042344032545,24.94252508883424,0.3495807263343015,136.32664272016453
90.0,0.6,0.8,1.5,1.7000000000000002,1.0,19.0,3.5,3.0,7.0,3.0,7.0,3.2,2.0,5.0,4.0,12.0,2.0,38.0,11,69.99800362921337,95.39164396598886,25.521518707598197,0.34232242618017705,129.84852680213916
85.0,1.1,0.8,1.6,1.0,1.0,19.0,1.5,5.0,7.0,13.0,2.5,3.2,3.0,6.0,4.4,14.0,2.0,45.0,11,67.51335577840203,95.21009565007418,27.820154775518304,0.3281298076923077,121.95000000000003
85.0,0.6,0.8,1.1,2.0,1.2,19.0,2.0,5.0,11.0,3.0,7.0,3.2,3.0,4.0,5.6,16.0,10.0,38.0,12,71.82877654772848,95.42818369398356,23.728880434359027,0.3521666753128686,139.83014865746713
90.0,0.8,0.8,1.1,1.0,1.0,21.0,2.0,6.5,7.0,6.0,7.0,4.2,3.0,2.0,4.6,16.0,5.0,38.0,12,71.45578906975244,95.9292357874913,24.601085530025937,0.34112706519489694,128.77416093110207
90.0,1.1,0.8,1.5,1.0,1.0,21.0,3.5,3.0,7.0,13.0,7.0,3.2,3.0,5.0,4.0,12.0,2.0,45.0,12,66.63023712606837,95.10930555555555,28.603125,0.32725480769230764,118.7125
90.0,0.8,1.0,1.7,1.0,1.1,16.0,3.5,7.5,7.0,8.0,3.5,3.7,4.0,6.0,6.0,16.0,6.0,1.0,12,69.47848992684706,94.96323485037885,25.614778358301344,0.3547908860972412,142.08602483721825
90.0,1.2,0.9,1.3,1.7,1.0,18.0,4.0,3.5,7.0,13.0,2.0,3.2,3.0,4.5,4.4,10.0,9.0,1.0,12,65.80201565978885,94.77689078449758,29.099407471037367,0.32959707526669274,120.79857391414649
90.0,1.1,1.0,1.3,1.0,1.0,19.0,4.0,3.0,7.0,13.0,7.0,3.2,2.0,5.0,4.6,10.0,2.0,45.0,12,66.11774716529361,94.76149245857528,28.76913698681369,0.33479597624209567,126.01888376707561
90.0,1.1,1.0,1.3,1.0,1.1,19.0,1.5,5.5,7.0,13.0,2.5,3.7,3.0,3.5,4.6,12.0,5.0,45.0,12,68.45389353572047,95.39035258421043,27.062011264768923,0.3342191608212992,124.67209239505337
90.0,0.6,0.8,1.5,1.7000000000000002,1.0,19.0,3.5,3.0,7.0,3.0,7.0,3.2,2.0,5.0,4.0,12.0,2.0,38.0,12,70.69028883302114,95.70901075226942,25.147389030698648,0.34149181963513275,126.23639510160436
90.0,0.8,0.8,1.7,1.0,1.1,18.0,3.5,6.5,7.0,9.0,7.0,4.2,4.0,6.0,6.0,16.0,6.0,38.0,12,69.03882862932639,94.96448274993654,26.054443273825633,0.35034176470010875,139.14518740374604
85.0,0.6,0.8,1.1,2.0,1.1,19.0,3.0,6.5,14.0,3.0,2.0,4.7,3.0,2.0,5.6,10.0,8.0,38.0,12,69.50903520133265,94.86024581782276,25.479812453065172,0.3470837889042167,134.82017363113195
85.0,1.1,0.8,1.6,1.0,1.0,19.0,1.5,5.0,7.0,13.0,2.5,3.2,3.0,6.0,4.4,14.0,2.0,45.0,12,67.51335577840203,95.21009565007418,27.820154775518304,0.3281298076923077,121.95000000000003
90.0,0.6,0.9,1.1,1.0,1.0,21.0,4.0,5.0,14.0,5.0,7.0,4.7,2.0,6.0,5.0,10.0,8.0,38.0,12,69.34971615096917,95.12252870624704,25.901595346129767,0.34588522788303616,132.479469268845
85.0,0.6,0.8,1.1,2.0,1.2,19.0,2.0,5.0,11.0,3.0,7.0,3.2,3.0,4.0,5.6,16.0,10.0,38.0,13,71.82877654772848,95.42818369398356,23.728880434359027,0.3521666753128686,139.83014865746713
90.0,1.1,0.8,1.5,1.0,1.0,21.0,3.5,3.0,7.0,13.0,7.0,3.2,3.0,5.0,4.0,12.0,2.0,45.0,13,66.63023712606837,95.10930555555555,28.603125,0.32725480769230764,118.7125
90.0,0.8,1.0,1.7,1.0,1.1,16.0,3.5,7.5,7.0,8.0,3.5,3.7,4.0,6.0,6.0,16.0,6.0,1.0,13,69.47848992684706,94.96323485037885,25.614778358301344,0.3547908860972412,142.08602483721825
90.0,1.2,0.9,1.3,1.7,1.0,18.0,4.0,3.5,7.0,13.0,2.0,3.2,3.0,4.5,4.4,10.0,9.0,1.0,13,65.80201565978885,94.77689078449758,29.099407471037367,0.32959707526669274,120.79857391414649
90.0,0.6,0.8,1.5,1.7000000000000002,1.0,19.0,3.5,3.0,7.0,3.0,7.0,3.2,2.0,5.0,4.0,12.0,2.0,38.0,13,71.20950273587698,95.94703584197984,24.866791773023984,0.3408688647263496,123.52729632620327
80.0,1.0,0.9,1.3,1.0,1.0,18.0,4.0,3.0,7.0,13.0,6.0,3.2,2.0,4.5,4.6,16.0,2.0,3.0,13,65.90665655543805,94.73084851324977,28.948361102373887,0.3306553475716758,123.47558767102748
90.0,0.7,0.8,1.5,1.7000000000000002,1.0,19.0,2.5,3.0,7.0,3.0,7.0,3.2,6.0,5.0,4.6,12.0,3.0,45.0,13,70.89302174753597,95.57450183359106,24.809217317124247,0.34273235745254965,130.88684297134526
90.0,0.8,0.8,1.1,1.0,1.0,21.0,2.0,6.5,7.0,6.0,7.0,4.2,3.0,2.0,4.6,16.0,5.0,38.0,13,71.45578906975244,95.9292357874913,24.601085530025937,0.34112706519489694,128.77416093110207
85.0,1.1,0.8,1.6,1.0,1.0,19.0,1.5,5.0,7.0,13.0,2.5,3.2,3.0,6.0,4.4,14.0,2.0,45.0,13,67.51335577840203,95.21009565007418,27.820154775518304,0.3281298076923077,121.95000000000003
90.0,0.6,0.9,1.1,1.0,1.0,21.0,4.0,5.0,14.0,5.0,7.0,4.7,2.0,6.0,5.0,10.0,8.0,38.0,13,70.21748155767132,95.35717430746305,25.269946509597325,0.3476639209122771,130.73460195163375
90.0,0.8,0.8,1.7,1.0,1.1,18.0,3.5,6.5,7.0,9.0,7.0,4.2,4.0,6.0,6.0,16.0,6.0,38.0,13,69.45876399336228,95.06363984023017,25.734582455369228,0.3533524773712354,140.9088905528095
90.0,1.2,0.8,1.3,1.7,1.0,19.0,4.0,3.0,7.0,13.0,2.5,3.2,2.0,5.0,4.2,16.0,9.0,45.0,13,65.99974616818564,94.86550857048772,28.989989387506114,0.329418517595798,121.44682078158488
85.0,0.6,0.8,1.1,2.0,1.2,19.0,2.0,5.0,11.0,3.0,7.0,3.2,3.0,4.0,5.6,16.0,10.0,38.0,14,71.82877654772848,95.42818369398356,23.728880434359027,0.3521666753128686,139.83014865746713
90.0,0.6,0.8,1.5,1.7000000000000002,1.0,19.0,3.5,3.0,7.0,3.0,7.0,3.2,2.0,5.0,4.0,12.0,2.0,38.0,14,71.20950273587698,95.94703584197984,24.866791773023984,0.3408688647263496,123.52729632620327
90.0,0.8,0.8,1.7,1.0,1.1,18.0,3.5,6.5,7.0,9.0,7.0,4.2,4.0,6.0,6.0,16.0,6.0,38.0,14,69.77371551638923,95.1380076579504,25.49468684152692,0.35561051187458037,142.23166791460713
90.0,1.2,0.8,1.3,1.7,1.0,19.0,4.0,3.0,7.0,13.0,2.5,3.2,2.0,5.0,4.2,16.0,9.0,45.0,14,65.65622351502813,94.83052031675469,29.298742040629584,0.3300638881968485,121.76011558618866
90.0,1.0,0.8,1.3,1.0,1.0,21.0,3.5,3.0,7.0,13.0,7.0,3.2,2.0,5.0,4.0,10.0,2.0,45.0,14,66.92666458457357,95.18565056783666,28.383826928899524,0.32810057551629557,117.62802636510916
80.0,1.0,0.9,1.3,1.0,1.0,16.0,4.0,3.0,5.0,12.0,7.0,3.2,2.0,5.0,4.6,16.0,2.0,45.0,14,65.84002744494678,94.71850580657505,29.002581780292534,0.3302764354269364,123.10439714759427
90.0,0.6,0.9,1.1,1.0,1.0,21.0,4.0,5.0,14.0,5.0,7.0,4.7,2.0,6.0,5.0,10.0,8.0,38.0,14,70.86830561269794,95.53315850837507,24.796209882197992,0.3489979406842078,129.4259514637253
85.0,0.6,0.9,1.0,2.0,1.2,20.0,3.0,4.5,5.0,3.0,7.0,3.2,3.0,4.5,5.6,10.0,10.0,36.0,14,70.97204209087242,95.21995730547826,24.37718762027641,0.35046503862529854,137.88034092625315
90.0,0.8,1.0,1.7,1.0,1.1,16.0,3.5,7.5,7.0,8.0,3.5,3.7,4.0,6.0,6.0,16.0,6.0,1.0,14,69.47848992684706,94.96323485037885,25.614778358301344,0.3547908860972412,142.08602483721825
85.0,1.1,0.8,1.6,1.0,1.0,19.0,1.5,5.0,7.0,13.0,2.5,3.2,3.0,6.0,4.4,14.0,2.0,45.0,14,67.51335577840203,95.21009565007418,27.820154775518304,0.3281298076923077,121.95000000000003
90.0,0.8,0.8,1.1,1.0,1.0,21.0,1.5,8.0,9.0,6.0,7.0,4.2,2.0,2.0,4.6,18.0,5.0,40.0,14,71.41033549261772,95.89578435904887,24.613162650362433,0.34164045863324755,129.31933615601454
90.0,1.1,0.8,1.8,1.0,1.0,18.0,3.5,3.0,5.0,13.0,6.0,3.2,3.0,3.5,4.0,16.0,2.0,3.0,14,66.36349369897663,95.0715583364466,28.832118941109165,0.32814430873392075,120.05355218331
85.0,0.6,0.8,1.1,2.0,1.2,19.0,2.0,5.0,11.0,3.0,7.0,3.2,3.0,4.0,5.6,16.0,10.0,38.0,15,71.82877654772848,95.42818369398356,23.728880434359027,0.3521666753128686,139.83014865746713
90.0,0.6,0.8,1.5,1.7000000000000002,1.0,19.0,3.5,3.0,7.0,3.0,7.0,3.2,2.0,5.0,4.0,12.0,2.0,38.0,15,71.59891316301882,96.12555465926265,24.65634382976799,0.3404016485447622,121.49547224465246
90.0,0.8,0.8,1.7,1.0,1.1,18.0,3.5,6.5,7.0,9.0,7.0,4.2,4.0,6.0,6.0,16.0,6.0,38.0,15,70.00992915865943,95.19378352124056,25.314765131145194,0.3573040377520891,143.22375093595537
90.0,1.0,0.8,1.3,1.0,1.0,21.0,3.5,3.0,7.0,13.0,7.0,3.2,2.0,5.0,4.0,10.0,2.0,45.0,15,67.15947066065243,95.26562681476639,28.23162019667464,0.3285754316372217,116.47101977383187
90.0,0.6,0.9,1.1,1.0,1.0,21.0,4.0,5.0,14.0,5.0,7.0,4.7,2.0,6.0,5.0,10.0,8.0,38.0,15,70.86830561269794,95.53315850837507,24.796209882197992,0.3489979406842078,129.4259514637253
85.0,0.6,0.9,1.0,2.0,1.2,20.0,3.0,4.5,5.0,3.0,7.0,3.2,3.0,4.5,5.6,10.0,10.0,36.0,15,71.55363199550474,95.35635686799759,23.932890715207307,0.3515218558920508,136.78525569468985
90.0,0.8,1.0,1.7,1.0,1.1,16.0,3.5,7.5,7.0,8.0,3.5,3.7,4.0,6.0,6.0,16.0,6.0,1.0,15,69.47848992684706,94.96323485037885,25.614778358301344,0.3547908860972412,142.08602483721825
90.0,0.8,0.8,1.1,1.0,1.0,21.0,1.5,8.0,9.0,6.0,7.0,4.2,2.0,2.0,4.6,18.0,5.0,40.0,15,72.0907016194633,96.09100493595332,24.128621987771826,0.34298034397493565,129.51450211701092
90.0,0.9,0.8,1.7,1.0,1.3,20.0,2.0,6.5,7.0,9.0,7.0,4.2,4.0,6.0,6.0,16.0,3.0,38.0,15,70.14398533781764,95.29663018676983,25.28231227357874,0.3526654502464161,139.99590148997044
90.0,0.8,0.8,1.7,1.2,1.1,18.0,3.5,6.5,7.0,7.0,7.0,4.2,4.0,6.0,6.0,16.0,6.0,38.0,15,69.69965815390734,95.13053912781439,25.56107057083282,0.35457550526462034,141.29446711963817
90.0,1.0,0.8,1.3,1.0,1.0,21.0,3.5,3.0,8.0,13.0,7.0,3.2,2.0,3.5,4.4,10.0,2.0,45.0,15,67.03382579663463,95.17352039350098,28.26499813666096,0.32960523775070405,118.49723724224307
90.0,0.8,0.8,1.6,1.0,1.0,21.0,3.5,3.0,9.0,13.0,7.0,4.2,2.0,5.0,4.6,10.0,2.0,45.0,15,67.58145703145497,95.27794247384816,27.822450171648775,0.3313500227641235,119.13084637944662
85.0,0.6,0.8,1.1,2.0,1.2,19.0,2.0,5.0,11.0,3.0,7.0,3.2,3.0,4.0,5.6,16.0,10.0,38.0,16,71.82877654772848,95.42818369398356,23.728880434359027,0.3521666753128686,139.83014865746713
90.0,0.6,0.8,1.5,1.7000000000000002,1.0,19.0,3.5,3.0,7.0,3.0,7.0,3.2,2.0,5.0,4.0,12.0,2.0,38.0,16,71.59891316301882,96.12555465926265,24.65634382976799,0.3404016485447622,121.49547224465246
90.0,0.8,0.8,1.7,1.0,1.1,18.0,3.5,6.5,7.0,9.0,7.0,4.2,4.0,6.0,6.0,16.0,6.0,38.0,16,70.18708939036209,95.23561541870819,25.179823848358893,0.35857418216022063,143.96781320196652
90.0,1.0,0.8,1.3,1.0,1.0,21.0,3.5,3.0,7.0,13.0,7.0,3.2,2.0,5.0,4.0,10.0,2.0,45.0,16,67.15947066065243,95.26562681476639,28.23162019667464,0.3285754316372217,116.47101977383187
90.0,0.8,1.0,1.7,1.0,1.1,16.0,3.5,7.5,7.0,8.0,3.5,3.7,4.0,6.0,6.0,16.0,6.0,1.0,16,69.47848992684706,94.96323485037885,25.614778358301344,0.3547908860972412,142.08602483721825
90.0,0.6,0.9,1.1,1.0,1.0,21.0,4.0,5.0,14.0,5.0,7.0,4.7,2.0,6.0,5.0,10.0,8.0,38.0,16,71.3564236539679,95.66514665905908,24.440907411648496,0.34999845551315584,128.44446359779397
90.0,0.8,0.8,1.6,1.0,1.0,21.0,3.5,3.0,9.0,13.0,7.0,4.2,2.0,5.0,4.6,10.0,2.0,45.0,16,68.23531499581344,95.39984574427501,27.291837628736584,0.3342625170730926,119.47313478458497
90.0,0.6,1.0,1.5,1.7000000000000002,1.0,19.0,3.5,3.0,7.0,4.0,7.0,3.2,2.0,5.0,4.0,12.0,2.0,38.0,16,71.3977177756622,96.03331993699987,24.76507526711692,0.3406430435719157,122.5452480201204
90.0,0.8,0.8,1.1,1.0,1.0,21.0,1.5,8.0,11.0,3.0,7.0,3.7,2.0,2.0,4.6,22.0,2.0,40.0,16,71.95116032389545,96.0530403614273,24.229913295755747,0.3431458167484855,130.61895045104913
85.0,0.6,0.9,1.0,2.0,1.2,20.0,3.0,4.5,5.0,3.0,7.0,3.2,3.0,4.5,5.6,10.0,10.0,36.0,16,71.55363199550474,95.35635686799759,23.932890715207307,0.3515218558920508,136.78525569468985
90.0,1.0,0.8,1.3,1.0,1.0,21.0,3.5,3.0,8.0,13.0,7.0,3.2,2.0,3.5,4.4,10.0,2.0,45.0,16,67.27517490303151,95.21652918401462,28.067498602495718,0.33120392831302803,118.37292793168231
90.0,1.0,0.8,1.3,1.0,1.0,20.0,3.5,3.0,7.0,13.0,7.0,3.2,2.0,5.0,4.4,10.0,2.0,45.0,16,67.13217007588592,95.20361651146105,28.197019033479723,0.32985316812654675,118.06195847601268
90.0,0.8,0.8,1.7,1.0,1.1,18.0,3.5,6.5,7.0,9.0,7.0,4.2,4.0,6.0,6.0,16.0,6.0,38.0,17,70.18708939036209,95.23561541870819,25.179823848358893,0.35857418216022063,143.96781320196652
90.0,1.0,0.8,1.3,1.0,1.0,21.0,3.5,3.0,7.0,13.0,7.0,3.2,2.0,5.0,4.0,10.0,2.0,45.0,17,67.33407521771154,95.32560899996369,28.117465147505982,0.32893157372791626,115.6032648303739
90.0,0.8,0.8,1.1,1.0,1.0,21.0,1.5,8.0,11.0,3.0,7.0,3.7,2.0,2.0,4.6,22.0,2.0,40.0,17,72.49617024292161,96.20894693773715,23.84118497181681,0.3446093625613641,131.68921283828683
85.0,0.6,0.9,1.0,2.0,1.2,20.0,3.0,4.5,5.0,3.0,7.0,3.2,3.0,4.5,5.6,10.0,10.0,36.0,17,71.98982442397899,95.45865653988709,23.599668036405482,0.35231446884211504,135.9639417710174
90.0,0.8,0.8,1.7,1.0,1.1,16.0,3.5,7.5,5.0,8.0,2.0,3.7,4.0,6.0,6.0,14.0,6.0,0.0,17,69.55597901413971,94.97046527951395,25.544796828442898,0.3551736968711891,141.8288561007834
90.0,0.6,0.9,1.1,1.0,1.0,21.0,4.0,5.0,14.0,5.0,7.0,4.7,2.0,6.0,5.0,10.0,8.0,38.0,17,71.3564236539679,95.66514665905908,24.440907411648496,0.34999845551315584,128.44446359779397
90.0,0.8,0.8,1.6,1.0,1.0,21.0,3.5,3.0,9.0,13.0,7.0,4.2,2.0,5.0,4.6,10.0,2.0,45.0,17,68.7257084690823,95.49127319709515,26.893878221552438,0.33644688780481946,119.72985108843872
90.0,0.8,0.8,1.4,1.0,1.3,21.0,1.5,8.0,14.0,3.0,7.0,3.7,2.0,6.0,4.6,22.0,2.0,38.0,17,71.59259658026262,95.9338981470551,24.46985917519107,0.34568539987790475,132.85527462106364
90.0,0.6,0.8,1.5,1.7000000000000002,1.0,19.0,3.5,3.0,7.0,3.0,7.0,3.2,2.0,5.0,4.0,12.0,2.0,38.0,17,71.59891316301882,96.12555465926265,24.65634382976799,0.3404016485447622,121.49547224465246
90.0,1.0,0.8,1.3,1.0,1.0,21.0,3.5,3.0,8.0,13.0,7.0,3.2,2.0,3.5,4.4,10.0,2.0,45.0,17,67.4561867328292,95.24878577689985,27.919373951871787,0.332402946234771,118.27969594876174
85.0,0.5,0.8,1.7,1.0,1.0,18.0,3.5,6.5,7.0,3.0,7.0,3.2,4.0,4.0,6.0,16.0,10.0,38.0,17,70.46640487912319,95.23277232401023,24.897164589121353,0.35671485352310844,142.68084758168624
90.0,0.8,1.0,1.4,1.0,1.1,16.0,3.5,7.5,7.0,11.0,5.0,3.7,4.0,6.0,6.0,16.0,9.0,1.0,17,69.65520956969527,94.9760208350695,25.451046828442898,0.3554236968711891,142.42885610078338
90.0,1.0,0.8,1.3,1.0,1.0,21.0,3.5,3.0,7.0,13.0,7.0,3.2,2.0,5.0,4.0,10.0,2.0,45.0,18,67.46502863550589,95.37059563886166,28.031848860629488,0.3291986802959372,114.95244862278042
90.0,0.8,0.8,1.1,1.0,1.0,21.0,1.5,8.0,11.0,3.0,7.0,3.7,2.0,2.0,4.6,22.0,2.0,40.0,18,72.9049276821912,96.32587686996953,23.549638728862607,0.34570702192102304,132.49190962871512
85.0,0.6,0.9,1.0,2.0,1.2,20.0,3.0,4.5,5.0,3.0,7.0,3.2,3.0,4.5,5.6,10.0,10.0,36.0,18,72.31696874533468,95.5353812938042,23.34975102730411,0.35290892855466316,135.34795632826305
90.0,0.8,0.8,1.7,1.0,1.1,16.0,3.5,7.5,5.0,8.0,2.0,3.7,4.0,6.0,6.0,14.0,6.0,0.0,18,69.78003511530562,95.00146007074656,25.35234762133217,0.35672642649954567,142.32164207558756
90.0,0.7,0.9,1.1,1.0,1.0,16.0,3.5,6.0,5.0,8.0,7.0,3.7,4.0,6.0,6.0,22.0,2.0,40.0,18,70.61104452762667,95.2716659451923,24.79180231871387,0.3593584625439058,145.49499037109575
90.0,0.8,0.8,1.6,1.0,1.0,21.0,3.5,3.0,9.0,13.0,7.0,4.2,2.0,5.0,4.6,10.0,2.0,45.0,18,68.7257084690823,95.49127319709515,26.893878221552438,0.33644688780481946,119.72985108843872
90.0,0.6,0.8,1.5,1.7000000000000002,1.0,19.0,3.5,3.0,7.0,3.0,7.0,3.2,2.0,5.0,4.0,12.0,2.0,38.0,18,71.59891316301882,96.12555465926265,24.65634382976799,0.3404016485447622,121.49547224465246
90.0,1.0,0.8,1.3,1.0,1.0,21.0,3.5,3.0,8.0,13.0,7.0,3.2,2.0,3.5,4.4,10.0,2.0,45.0,18,67.4561867328292,95.24878577689985,27.919373951871787,0.332402946234771,118.27969594876174
90.0,0.6,0.9,1.1,1.0,1.0,21.0,4.0,5.0,14.0,5.0,7.0,4.7,2.0,6.0,5.0,10.0,8.0,38.0,18,71.3564236539679,95.66514665905908,24.440907411648496,0.34999845551315584,128.44446359779397
90.0,0.8,0.8,1.3,1.0,1.0,21.0,1.5,8.0,11.0,3.0,7.0,3.7,2.0,2.0,4.6,22.0,2.0,40.0,18,72.53331159609057,96.23735432530192,23.832528282508267,0.3448523909248189,131.82192649649826
90.0,0.6,0.9,1.3,1.0,1.1,21.0,4.0,5.0,13.0,5.0,7.0,4.7,2.0,6.0,5.0,10.0,6.0,41.0,18,71.32606879142821,95.66167880746079,24.467877164593546,0.3500985069960506,128.34631481120084
85.0,0.6,0.9,1.0,2.0,1.5,20.0,2.0,4.5,5.0,3.0,7.0,3.2,3.0,4.5,5.6,16.0,10.0,36.0,18,72.29406609843544,95.53656151448877,23.37291215927817,0.35289703249448184,138.095319067158
90.0,1.0,0.8,1.3,1.0,1.0,21.0,3.5,3.0,7.0,13.0,7.0,3.2,2.0,5.0,4.0,10.0,2.0,45.0,19,67.46502863550589,95.37059563886166,28.031848860629488,0.3291986802959372,114.95244862278042
90.0,0.8,0.8,1.3,1.0,1.0,21.0,1.5,8.0,11.0,3.0,7.0,3.7,2.0,2.0,4.6,22.0,2.0,40.0,19,72.87028369706792,96.34718241064311,23.6056462118812,0.34588929319361417,132.5914448723737
85.0,0.6,0.9,1.0,2.0,1.5,20.0,2.0,4.5,5.0,3.0,7.0,3.2,3.0,4.5,5.6,16.0,10.0,36.0,19,72.94492500117701,95.69381002475546,22.879684119458627,0.35409585129393834,138.74648930036847
90.0,0.8,0.8,1.7,1.0,1.0,16.0,3.5,7.5,5.0,8.0,2.0,3.7,4.0,5.5,6.0,14.0,6.0,0.0,19,69.78812738160984,95.00226315995238,25.345086484671235,0.3567685255194366,142.30066929307043
90.0,0.7,0.9,1.1,1.0,1.0,16.0,3.5,6.0,5.0,8.0,7.0,3.7,4.0,6.0,6.0,22.0,2.0,40.0,19,71.12683980597642,95.34541612556089,24.350101739035402,0.36136500075408323,147.47124277832182
90.0,0.6,0.9,1.3,1.0,1.1,21.0,4.0,5.0,13.0,5.0,7.0,4.7,2.0,6.0,5.0,10.0,6.0,41.0,19,71.62057937134892,95.74487021670669,24.25715787344516,0.350823880247038,127.63473610840063
90.0,0.6,0.8,1.5,1.7000000000000002,1.0,19.0,3.5,3.0,7.0,3.0,7.0,3.2,2.0,5.0,4.0,12.0,2.0,38.0,19,71.89097098337521,96.25944377222476,24.498507872325995,0.3400512364085716,119.97160418348935
90.0,1.0,0.8,1.3,1.0,1.0,21.0,3.5,3.0,8.0,13.0,7.0,3.2,2.0,3.5,4.4,10.0,2.0,45.0,19,67.59194560517744,95.27297822156378,27.808280463903838,0.33330220967607826,118.2097719615713
90.0,0.8,0.8,1.6,1.0,1.0,21.0,3.5,8.0,10.0,3.0,7.0,3.7,2.0,3.5,4.6,22.0,2.0,45.0,19,71.6792506188083,96.03225171437971,24.481518349913614,0.34510412429514903,132.10442341610664
90.0,0.8,0.8,1.6,1.0,1.0,21.0,3.5,3.0,9.0,13.0,7.0,4.2,2.0,5.0,4.6,10.0,2.0,45.0,19,69.09350357403396,95.55984378671026,26.595408666164328,0.3380851658536146,119.92238831632903
90.0,0.8,0.8,1.1,1.0,1.0,21.0,1.5,3.0,8.0,12.0,7.0,3.7,2.0,5.0,4.2,10.0,4.0,37.0,19,68.9212897971977,95.68779965876254,26.893207199557644,0.3307572539221888,116.04386690488909
90.0,0.6,0.8,1.1,1.3,1.1,16.0,1.5,8.0,5.0,3.0,7.0,3.7,2.0,6.0,6.0,20.0,6.0,0.0,19,71.61982662013983,95.48015588287208,23.992131031655198,0.35941953045511715,143.72398891383142
90.0,1.0,0.8,1.3,1.0,1.0,21.0,3.5,3.0,7.0,13.0,7.0,3.2,2.0,5.0,4.0,10.0,2.0,45.0,20,67.46502863550589,95.37059563886166,28.031848860629488,0.3291986802959372,114.95244862278042
90.0,0.8,0.8,1.3,1.0,1.0,21.0,1.5,8.0,11.0,3.0,7.0,3.7,2.0,2.0,4.6,22.0,2.0,40.0,20,73.12301277280096,96.42955347464901,23.435484658910898,0.3466669698952106,133.16858365428027
85.0,0.6,0.9,1.0,2.0,1.5,20.0,2.0,4.5,5.0,3.0,7.0,3.2,3.0,4.5,5.6,16.0,10.0,36.0,20,73.43306917823318,95.81174640745549,22.50976308959397,0.3549949653935307,139.23486697527636
90.0,0.8,0.8,1.7,1.0,1.0,16.0,3.5,7.5,5.0,8.0,2.0,3.7,4.0,5.5,6.0,14.0,6.0,0.0,20,69.95414639090824,95.0253084810754,25.202564863503426,0.3579225479857313,142.67550196980284
90.0,0.7,0.9,1.1,1.0,1.0,16.0,3.5,6.0,5.0,8.0,7.0,3.7,4.0,6.0,6.0,22.0,2.0,40.0,20,71.51368626473874,95.40072876083734,24.01882630427655,0.3628699044117163,148.95343208374138
90.0,0.8,0.8,1.6,1.0,1.0,21.0,3.5,3.0,9.0,13.0,7.0,4.2,2.0,5.0,4.6,10.0,2.0,45.0,20,69.09350357403396,95.55984378671026,26.595408666164328,0.3380851658536146,119.92238831632903
90.0,1.0,0.8,1.3,1.0,1.0,21.0,3.5,3.0,8.0,13.0,7.0,3.2,2.0,3.5,4.4,10.0,2.0,45.0,20,67.59194560517744,95.27297822156378,27.808280463903838,0.33330220967607826,118.2097719615713
90.0,0.6,0.8,1.5,1.7000000000000002,1.0,19.0,3.5,3.0,7.0,3.0,7.0,3.2,2.0,5.0,4.0,12.0,2.0,38.0,20,71.89097098337521,96.25944377222476,24.498507872325995,0.3400512364085716,119.97160418348935
90.0,0.6,0.8,1.1,1.3,1.1,16.0,1.5,8.0,5.0,3.0,7.0,3.7,2.0,6.0,6.0,20.0,6.0,0.0,20,72.94135607621598,95.70872802326518,22.9003482737414,0.3628146478413379,145.29299168537358
90.0,0.8,0.8,1.1,1.0,1.0,21.0,1.5,3.0,8.0,12.0,7.0,3.7,2.0,5.0,4.2,10.0,4.0,37.0,20,70.20555068123161,95.99168307740524,25.91365539966823,0.3323179404416416,115.90790017866681
90.0,0.8,0.8,1.1,1.0,1.0,20.0,3.0,8.0,11.0,3.0,7.0,3.7,4.0,2.0,4.6,22.0,4.0,40.0,20,72.15422916945234,96.14497888058287,24.11879450681341,0.34461675731761415,132.79074892784584
90.0,0.6,0.9,1.3,1.0,1.1,21.0,4.0,5.0,13.0,5.0,7.0,4.7,2.0,6.0,5.0,10.0,6.0,41.0,20,71.84146230628946,95.80726377364113,24.09911840508387,0.35136791018527846,127.10105208130048
90.0,0.8,0.8,1.3,1.0,1.0,21.0,1.5,8.0,11.0,3.0,7.0,3.7,2.0,2.0,4.6,22.0,2.0,40.0,21,73.31255957960072,96.49133177265342,23.307863494183174,0.34725022742140793,133.6014377407102
90.0,0.8,0.8,1.7,1.0,1.0,16.0,3.5,7.5,5.0,8.0,2.0,3.7,4.0,5.5,6.0,14.0,6.0,0.0,21,69.95414639090824,95.0253084810754,25.202564863503426,0.3579225479857313,142.67550196980284
90.0,0.6,0.8,1.1,1.3,1.1,16.0,1.5,8.0,5.0,3.0,7.0,3.7,2.0,6.0,6.0,20.0,6.0,0.0,21,73.93250316827312,95.88015712856,22.08151120530605,0.3653609858810034,146.46974376403017
90.0,1.0,0.8,1.3,1.0,1.0,21.0,3.5,4.5,7.0,13.0,7.0,3.2,2.0,5.0,4.0,10.0,2.0,45.0,21,67.49776698995447,95.38184229858615,28.010444788910362,0.3292654569379424,114.78974457088206
90.0,0.8,0.8,1.6,1.0,1.0,21.0,3.5,3.0,9.0,13.0,7.0,4.2,2.0,5.0,4.6,10.0,2.0,45.0,21,69.09350357403396,95.55984378671026,26.595408666164328,0.3380851658536146,119.92238831632903
90.0,0.6,0.9,1.3,1.0,1.1,21.0,4.0,5.0,13.0,5.0,7.0,4.7,2.0,6.0,5.0,10.0,6.0,41.0,21,72.00712450749486,95.85405894134195,23.980588803812903,0.35177593263895884,126.70078906097535
85.0,0.6,0.9,1.0,2.0,1.5,20.0,2.0,4.5,5.0,3.0,7.0,3.2,3.0,4.5,5.6,16.0,10.0,36.0,21,73.79917731102532,95.90019869448051,22.23232231719548,0.35566930096822497,139.60115023145727
90.0,0.5,0.8,1.3,1.0,1.0,21.0,1.5,6.0,5.0,4.0,7.0,3.7,2.0,2.0,4.6,22.0,2.0,40.0,21,72.28593549261772,96.08328435904887,23.925662650362433,0.34364045863324755,130.51933615601453
90.0,0.6,0.8,1.5,1.7000000000000002,1.0,19.0,3.5,3.0,7.0,3.0,7.0,3.2,2.0,5.0,4.0,12.0,2.0,38.0,21,71.89097098337521,96.25944377222476,24.498507872325995,0.3400512364085716,119.97160418348935
90.0,0.8,0.8,1.1,1.0,1.0,21.0,1.5,3.0,8.0,12.0,7.0,3.7,2.0,5.0,4.2,10.0,4.0,37.0,21,71.16874634425703,96.21959564138726,25.178991549751174,0.33348845533123117,115.8059251340001
90.0,0.7,0.8,1.1,1.0,1.0,18.0,1.5,6.0,8.0,8.0,7.0,4.2,2.0,6.0,6.0,22.0,2.0,41.0,21,71.38393046105811,95.47577855077442,24.223318872583715,0.3591798994815525,144.35750062007617
90.0,0.8,0.9,1.3,1.0,1.3,16.0,2.0,8.0,11.0,3.0,7.0,3.7,2.0,2.0,4.6,22.0,2.0,42.0,21,72.76739643778848,96.31729478218179,23.678717355316316,0.3461918931492697,132.83080695491427
90.0,0.8,0.8,1.3,1.0,1.0,21.0,1.5,8.0,11.0,3.0,7.0,3.7,2.0,2.0,4.6,22.0,2.0,40.0,22,73.12301277280096,96.42955347464901,23.435484658910898,0.3466669698952106,133.16858365428027
90.0,0.8,0.8,1.7,1.0,1.0,16.0,3.5,7.5,5.0,8.0,2.0,3.7,4.0,5.5,6.0,14.0,6.0,0.0,22,70.07866064788205,95.04259247191766,25.09567364762757,0.35878806483545234,142.95662647735213
90.0,0.6,0.8,1.1,1.3,1.1,16.0,1.5,8.0,5.0,3.0,7.0,3.7,2.0,6.0,6.0,20.0,6.0,0.0,22,72.94135607621598,95.70872802326518,22.9003482737414,0.3628146478413379,145.29299168537358
90.0,1.0,0.8,1.3,1.0,1.0,21.0,3.5,4.5,7.0,13.0,7.0,3.2,2.0,5.0,4.0,10.0,2.0,45.0,22,67.58779746468807,95.4127706128285,27.95158359168277,0.3294490927034568,114.34230842816154
90.0,0.6,0.9,1.0,2.0,1.5,16.0,1.5,4.5,5.0,3.0,7.0,3.2,3.0,6.0,6.0,16.0,6.0,0.0,22,73.96113239219694,95.86720655859578,22.038186796532546,0.35773288949554183,140.26144384219316
90.0,0.6,0.8,1.5,1.7000000000000002,1.0,19.0,3.5,3.0,7.0,3.0,7.0,3.2,2.0,5.0,4.0,12.0,2.0,38.0,22,71.89097098337521,96.25944377222476,24.498507872325995,0.3400512364085716,119.97160418348935
90.0,0.6,0.9,1.3,1.0,1.1,21.0,4.0,5.0,13.0,5.0,7.0,4.7,2.0,6.0,5.0,10.0,6.0,41.0,22,71.84146230628946,95.80726377364113,24.09911840508387,0.35136791018527846,127.10105208130048
90.0,0.8,0.8,1.3,1.3,1.0,21.0,3.5,4.5,11.0,13.0,7.0,3.7,2.0,2.0,4.6,10.0,2.0,40.0,22,68.27646593685672,95.40817524380796,27.25967111510705,0.335142136020209,118.82777956285226
85.0,0.6,0.9,1.0,2.0,1.5,20.0,2.0,4.5,5.0,3.0,7.0,3.2,3.0,4.5,5.6,16.0,10.0,36.0,22,73.43306917823318,95.81174640745549,22.50976308959397,0.3549949653935307,139.23486697527636
90.0,0.8,0.8,1.1,1.0,1.0,21.0,1.5,3.0,8.0,12.0,7.0,3.7,2.0,5.0,4.2,10.0,4.0,37.0,22,70.20555068123161,95.99168307740524,25.91365539966823,0.3323179404416416,115.90790017866681
90.0,0.5,0.8,1.3,1.0,1.2,21.0,1.5,6.0,5.0,4.0,7.0,3.7,2.0,2.0,4.8,16.0,2.0,40.0,22,72.60577902758838,96.13215420496559,23.65532141877437,0.34437785692422185,129.72806119479122
90.0,0.8,0.9,1.3,1.0,1.3,16.0,2.0,8.0,11.0,3.0,7.0,3.7,2.0,2.0,4.6,22.0,2.0,42.0,22,72.83473621723024,96.3460266421919,23.64028801648724,0.3468939198619522,133.3481052161857
90.0,0.8,0.8,1.3,1.0,1.0,21.0,1.5,8.0,11.0,3.0,7.0,3.7,2.0,2.0,4.6,22.0,2.0,40.0,23,73.45471968470054,96.53766549615673,23.212147620637378,0.34768767056605593,133.92607830553266
90.0,0.6,0.8,1.1,1.3,1.1,16.0,1.5,8.0,5.0,3.0,7.0,3.7,2.0,6.0,6.0,20.0,6.0,0.0,23,74.67586348731594,96.00872895753112,21.46738340397954,0.36727073941075256,147.3523078230226
90.0,1.0,0.8,1.3,1.0,1.0,21.0,3.5,4.5,7.0,13.0,7.0,3.2,2.0,5.0,4.0,10.0,2.0,45.0,23,67.6553203207383,95.43596684851028,27.907437693762077,0.3295868195275926,114.00673132112115
90.0,0.6,0.9,1.0,2.0,1.5,16.0,1.5,4.5,5.0,3.0,7.0,3.2,3.0,6.0,6.0,16.0,6.0,0.0,23,74.72840527705368,95.99901603005794,21.40364009739941,0.3604727440447333,141.62108288164487
90.0,0.8,0.8,1.1,1.0,1.0,21.0,1.5,3.0,8.0,12.0,7.0,3.7,2.0,5.0,4.2,10.0,4.0,37.0,23,71.16874634425703,96.21959564138726,25.178991549751174,0.33348845533123117,115.8059251340001
90.0,0.6,0.9,1.3,1.0,1.1,21.0,4.0,5.0,13.0,5.0,7.0,4.7,2.0,6.0,5.0,10.0,6.0,41.0,23,71.62057937134892,95.74487021670669,24.25715787344516,0.350823880247038,127.63473610840063
90.0,0.6,0.9,1.0,2.0,1.2,16.0,1.5,4.5,5.0,3.0,7.0,3.7,3.0,6.0,5.4,16.0,6.0,0.0,23,74.38169022436205,96.02597739858615,21.776267186032538,0.35675350749091916,139.19022581105855
90.0,0.6,0.8,1.5,1.7000000000000002,1.0,19.0,3.5,3.0,7.0,3.0,7.0,3.2,2.0,5.0,4.0,12.0,2.0,38.0,23,72.11001434864251,96.35986060694634,24.380130904244496,0.33978842730642866,118.828703137617
90.0,0.6,0.8,1.2,1.3,1.1,16.0,1.5,6.0,5.0,3.0,7.0,3.7,2.0,6.0,5.4,10.0,6.0,0.0,23,73.89415922665583,95.94628677817583,22.185727688706482,0.36122707281316796,141.0401976603181
90.0,0.6,0.8,1.3,1.3,1.2,16.0,1.5,8.0,5.0,13.0,7.0,3.7,2.0,2.0,4.0,10.0,2.0,40.0,23,72.49091747422071,96.233590938559,23.871189650952893,0.34041298997164027,125.07092511366318
90.0,0.8,0.8,1.3,1.0,1.0,21.0,1.5,8.0,11.0,3.0,7.0,3.7,2.0,2.0,4.6,22.0,4.0,40.0,23,73.21462706275416,96.45941298535114,23.373801095959163,0.3469488776995393,133.3777964627214
90.0,0.5,0.8,1.3,1.0,1.2,21.0,1.5,6.0,5.0,4.0,7.0,3.7,2.0,2.0,4.8,16.0,2.0,40.0,23,73.88077593735798,96.43578232039087,22.685241064080778,0.34703339269316635,129.84604589609341
90.0,0.6,0.8,1.1,1.3,1.1,16.0,1.5,8.0,5.0,3.0,7.0,3.7,2.0,6.0,6.0,20.0,6.0,0.0,24,74.67586348731594,96.00872895753112,21.46738340397954,0.36727073941075256,147.3523078230226
90.0,1.0,0.8,1.3,1.0,1.0,21.0,3.5,4.5,7.0,13.0,7.0,3.2,2.0,5.0,4.0,10.0,2.0,45.0,24,67.58779746468807,95.4127706128285,27.95158359168277,0.3294490927034568,114.34230842816154
90.0,0.6,0.9,1.0,2.0,1.2,16.0,1.5,4.5,5.0,3.0,7.0,3.7,3.0,6.0,5.4,16.0,6.0,0.0,24,74.99082365117752,96.17809416005072,21.319700389524403,0.3574882075412663,138.94266935829393
90.0,0.5,0.8,1.3,1.0,1.2,21.0,1.5,6.0,5.0,4.0,7.0,3.7,2.0,2.0,4.8,16.0,2.0,40.0,24,74.83702361968514,96.66350340695982,21.957680798060586,0.34902504451987476,129.93453442207004
90.0,0.8,0.8,1.1,1.0,1.0,21.0,1.5,3.0,8.0,12.0,7.0,3.7,2.0,5.0,4.2,10.0,4.0,37.0,24,71.8911430915261,96.39053006437376,24.62799366231338,0.33436634149842337,115.72944385050008
90.0,0.8,0.8,1.2,1.0,1.1,21.0,1.5,8.0,5.0,6.0,7.0,3.2,2.0,6.0,6.0,22.0,2.0,40.0,24,73.0386238224082,95.76579939099054,22.860178770655647,0.36391655286429436,146.8652230764776
90.0,0.6,0.9,1.3,1.0,1.1,21.0,4.0,5.0,13.0,5.0,7.0,4.7,2.0,6.0,5.0,10.0,6.0,41.0,24,72.13137115839892,95.88915531711757,23.891691602859677,0.3520819494792191,126.40059179573151
90.0,0.6,0.8,1.5,1.7000000000000002,1.0,19.0,3.5,3.0,7.0,3.0,7.0,3.2,2.0,5.0,4.0,12.0,2.0,38.0,24,72.11001434864251,96.35986060694634,24.380130904244496,0.33978842730642866,118.828703137617
90.0,0.6,0.9,1.6,2.0,1.6,16.0,3.5,4.5,5.0,4.0,7.0,3.2,2.0,5.0,4.0,18.0,6.0,0.0,24,71.85015882807917,96.2190588788542,24.49877545142789,0.34073245223247384,121.47247639011894
90.0,0.8,0.8,1.0,1.8,1.1,18.0,1.5,3.0,7.0,3.0,7.0,3.7,2.0,6.0,5.2,12.0,6.0,39.0,24,72.62394147488229,95.77988675697483,23.286672528235165,0.3520781799990148,135.93553157069607
90.0,0.6,0.8,1.3,1.3,1.2,16.0,1.5,8.0,5.0,13.0,7.0,3.7,2.0,2.0,4.0,10.0,2.0,40.0,24,73.41143810566552,96.52935987058592,23.24714223821467,0.3398097424787302,122.05319383524738
90.0,0.6,0.9,1.1,1.3,1.2,16.0,1.5,8.0,5.0,3.0,6.5,3.7,2.0,4.5,5.2,16.0,6.0,0.0,24,74.07260525866857,95.99658581343515,22.057508328263538,0.3624020827144323,143.01980358074468
90.0,0.6,0.8,1.1,1.3,1.1,16.0,1.5,8.0,5.0,3.0,7.0,3.7,2.0,6.0,6.0,20.0,6.0,0.0,25,74.67586348731594,96.00872895753112,21.46738340397954,0.36727073941075256,147.3523078230226
90.0,1.0,0.8,1.3,1.0,1.0,21.0,3.5,4.5,7.0,13.0,7.0,3.2,2.0,5.0,4.0,10.0,2.0,45.0,25,67.70596246277596,95.45336402527161,27.874328270321556,0.3296901146456944,113.75504849084086
90.0,0.6,0.9,1.0,2.0,1.2,16.0,1.5,4.5,5.0,3.0,7.0,3.7,3.0,6.0,5.4,16.0,6.0,0.0,25,74.99082365117752,96.17809416005072,21.319700389524403,0.3574882075412663,138.94266935829393
90.0,0.6,0.8,1.3,1.3,1.2,16.0,1.5,8.0,5.0,13.0,7.0,3.7,2.0,2.0,4.0,10.0,2.0,40.0,25,73.41143810566552,96.52935987058592,23.24714223821467,0.3398097424787302,122.05319383524738
90.0,0.6,0.8,1.3,1.0,1.1,21.0,4.0,5.0,7.0,5.0,7.0,3.2,2.0,5.0,4.0,10.0,6.0,41.0,25,69.35325545622952,95.78060591745763,26.555632407127888,0.3331274264119615,114.84530191859602
90.0,0.8,0.8,1.1,1.0,1.0,21.0,1.5,3.0,8.0,12.0,7.0,3.7,2.0,5.0,4.2,10.0,4.0,37.0,25,71.16874634425703,96.21959564138726,25.178991549751174,0.33348845533123117,115.8059251340001
90.0,0.6,0.9,1.3,1.0,1.1,21.0,4.0,5.0,13.0,5.0,7.0,4.7,2.0,6.0,5.0,10.0,6.0,41.0,25,72.00712450749486,95.85405894134195,23.980588803812903,0.35177593263895884,126.70078906097535
90.0,0.6,0.9,1.1,1.3,1.2,16.0,1.5,8.0,5.0,3.0,6.5,3.7,2.0,4.5,5.2,16.0,6.0,0.0,25,74.71042338844588,96.17605047118747,21.59938124619765,0.3615515620358242,141.0648526855585
90.0,0.6,0.8,1.5,1.7000000000000002,1.0,19.0,3.5,3.0,7.0,3.0,7.0,3.2,2.0,5.0,4.0,12.0,2.0,38.0,25,72.11001434864251,96.35986060694634,24.380130904244496,0.33978842730642866,118.828703137617
90.0,0.6,0.9,1.6,2.0,1.6,16.0,3.5,4.5,5.0,4.0,7.0,3.2,2.0,5.0,4.0,18.0,6.0,0.0,25,71.98126356550382,96.26290527025176,24.411581588570918,0.3410493391743554,121.75435729258922
90.0,0.5,0.8,1.1,1.0,1.0,21.0,1.5,6.0,5.0,3.0,7.0,3.7,2.0,2.0,6.0,20.0,2.0,40.0,25,74.15128853786888,96.33169765263062,22.311604342346016,0.3523577640546659,134.95096332918712
90.0,0.6,0.8,1.3,1.3,1.2,16.0,1.5,8.0,5.0,2.0,7.0,3.7,2.0,6.0,5.2,16.0,6.0,0.0,25,74.01010525866857,95.99658581343515,22.120008328263538,0.3624020827144323,143.01980358074468
90.0,0.6,0.8,1.1,1.3,1.1,16.0,1.5,8.0,5.0,3.0,7.0,3.7,2.0,6.0,6.0,20.0,6.0,0.0,26,75.23338372659809,96.10515782925945,21.006787552984655,0.3687030545580644,148.01423086726697
90.0,0.6,0.8,1.3,1.3,1.2,16.0,1.5,8.0,5.0,13.0,7.0,3.7,2.0,2.0,4.0,10.0,2.0,40.0,26,73.41143810566552,96.52935987058592,23.24714223821467,0.3398097424787302,122.05319383524738
90.0,1.0,0.8,1.3,1.0,1.0,21.0,3.5,4.5,7.0,13.0,7.0,3.2,2.0,6.0,4.0,10.0,2.0,45.0,26,67.66966892764897,95.44089604859266,27.898056690453934,0.32961608647772145,113.93542118587509
90.0,0.6,0.8,1.3,1.0,1.1,21.0,4.0,5.0,7.0,5.0,7.0,3.2,2.0,5.0,4.0,10.0,6.0,41.0,26,70.05263603661659,95.93406554920433,26.010474305345916,0.3343455698089711,114.38397643894702
90.0,0.6,0.9,1.3,1.0,1.1,21.0,4.0,5.0,13.0,5.0,7.0,4.7,2.0,6.0,5.0,10.0,6.0,41.0,26,72.13137115839892,95.88915531711757,23.891691602859677,0.3520819494792191,126.40059179573151
90.0,0.8,0.8,1.1,1.0,1.0,21.0,1.5,3.0,8.0,12.0,7.0,3.7,2.0,5.0,4.2,10.0,4.0,37.0,26,71.8911430915261,96.39053006437376,24.62799366231338,0.33436634149842337,115.72944385050008
90.0,0.6,0.9,1.6,1.7,1.6,16.0,3.5,4.5,5.0,4.0,7.0,3.2,2.0,5.0,4.2,18.0,6.0,0.0,26,72.0221018449997,96.25408046362926,24.362114454520956,0.3417554203986555,122.22562292383549
90.0,0.5,0.8,1.3,1.0,1.0,21.0,1.5,6.0,8.0,3.0,7.0,3.7,2.0,6.0,6.0,20.0,3.0,45.0,26,73.9048416228347,95.94088980658515,22.169739387645816,0.36488579753543315,146.25508461704567
90.0,0.5,0.8,1.1,1.1,1.0,18.0,1.5,6.0,8.0,3.0,7.0,3.7,4.0,2.0,5.6,26.0,2.0,40.0,26,74.73216846980729,96.49883712731403,21.897346160329025,0.35253331782604314,136.767468272209
90.0,0.6,0.8,1.5,1.7000000000000002,1.0,19.0,3.5,3.0,7.0,3.0,7.0,3.2,2.0,5.0,4.0,12.0,2.0,38.0,26,72.27429687259301,96.43517323298754,24.29134817818337,0.3395913204798215,117.97152735321274
90.0,0.5,0.9,1.4,1.0,1.1,21.0,4.0,5.0,13.0,5.0,7.0,4.7,2.0,6.0,5.0,10.0,6.0,39.0,26,72.23899281149731,95.9105118242961,23.80529965761226,0.3521263244059427,126.84755216842791
90.0,0.6,0.8,1.3,1.3,1.2,16.0,1.5,8.0,5.0,2.0,7.0,3.7,2.0,6.0,5.2,16.0,6.0,0.0,26,74.60104838844588,96.17605047118747,21.70875624619765,0.3615515620358242,141.0648526855585
90.0,0.6,0.8,1.1,1.3,1.1,16.0,1.5,8.0,5.0,3.0,7.0,3.7,2.0,6.0,6.0,20.0,6.0,0.0,27,75.23338372659809,96.10515782925945,21.006787552984655,0.3687030545580644,148.01423086726697
90.0,0.6,0.8,1.3,1.3,1.2,16.0,1.5,8.0,5.0,13.0,7.0,3.7,2.0,2.0,4.0,10.0,2.0,40.0,27,74.10182857924916,96.7511865696061,22.779106678661,0.33935730685904764,119.78989537643554
90.0,1.0,0.8,1.3,1.0,1.0,21.0,3.5,4.5,7.0,13.0,7.0,3.2,2.0,6.0,4.0,10.0,2.0,45.0,27,67.71672391795894,95.4570609253334,27.867292517840454,0.3297120648582911,113.70156588940631
90.0,0.8,0.8,1.3,1.1,1.0,18.0,1.5,4.5,7.0,13.0,7.0,3.2,2.0,6.0,5.6,26.0,2.0,45.0,27,72.49535049226931,95.72072976031873,23.357373406455242,0.3618490846938722,146.7912118233461
90.0,0.6,0.8,1.3,1.0,1.1,21.0,4.0,5.0,7.0,5.0,7.0,3.2,2.0,5.0,4.0,10.0,6.0,41.0,27,70.05263603661659,95.93406554920433,26.010474305345916,0.3343455698089711,114.38397643894702
90.0,0.6,0.8,1.3,1.3,1.1,16.0,1.5,8.0,5.0,13.0,7.0,3.7,2.0,6.0,4.2,10.0,6.0,0.0,27,73.77690434091423,96.35946260303203,22.71421644346558,0.34850142640738896,127.77759556776337
90.0,0.5,0.8,1.1,1.1,1.0,18.0,1.5,6.0,8.0,3.0,7.0,3.7,4.0,2.0,5.6,26.0,2.0,40.0,27,75.60769942927855,96.63079451215219,21.15425962024677,0.35624614221568623,140.87560120415674
90.0,0.6,0.8,1.3,1.3,1.2,16.0,1.5,8.0,5.0,3.0,7.0,3.7,2.0,6.0,4.0,12.0,2.0,1.0,27,74.684909778236,96.3485044205062,21.79657775334257,0.35612338746250544,135.23574797663576
90.0,0.6,0.9,1.6,1.7,1.6,16.0,3.5,4.5,8.0,4.0,7.0,3.2,2.0,5.0,4.2,14.0,6.0,0.0,27,72.02727157477177,96.24654492127127,24.34958058156982,0.34152525636505154,121.36617933660322
90.0,0.6,0.9,1.3,1.0,1.1,21.0,4.0,5.0,13.0,5.0,7.0,4.7,2.0,6.0,5.0,10.0,6.0,41.0,27,72.22455614657696,95.91547759894928,23.825018702144757,0.35231146210941433,126.17544384679863
90.0,0.5,0.8,1.3,1.0,1.0,21.0,1.5,6.0,8.0,3.0,7.0,3.7,2.0,6.0,6.0,20.0,3.0,45.0,27,74.93314510601493,96.14455624382776,21.34605454073436,0.36741434815157487,147.19131346278425
90.0,0.5,0.9,1.4,1.0,1.1,21.0,4.0,5.0,13.0,5.0,7.0,4.7,2.0,6.0,5.0,10.0,6.0,39.0,27,72.59788349751187,96.00510609044429,23.541474743209193,0.35284474330445703,126.51066412632093
90.0,0.6,0.8,1.3,1.3,1.2,16.0,1.5,8.0,5.0,13.0,7.0,3.7,2.0,2.0,4.0,10.0,2.0,40.0,28,74.10182857924916,96.7511865696061,22.779106678661,0.33935730685904764,119.78989537643554
90.0,1.0,0.8,1.3,1.0,1.0,21.0,3.5,4.5,7.0,13.0,7.0,3.2,2.0,6.0,4.0,10.0,2.0,45.0,28,67.71672391795894,95.4570609253334,27.867292517840454,0.3297120648582911,113.70156588940631
90.0,0.5,0.8,1.1,1.1,1.0,18.0,1.5,6.0,8.0,3.0,7.0,3.7,4.0,2.0,5.6,26.0,2.0,40.0,28,76.26434764888198,96.7297625507808,20.596944715185078,0.35903076050791854,143.95670090311756
90.0,0.5,0.8,1.3,1.0,1.0,21.0,1.5,6.0,8.0,3.0,7.0,3.7,2.0,6.0,6.0,20.0,3.0,45.0,28,75.7043727184001,96.29730607175972,20.72829090555077,0.36931076111368116,147.8934850970882
90.0,0.6,0.8,1.3,1.0,1.2,19.0,4.0,6.5,7.0,5.0,7.0,3.2,2.0,5.0,4.0,10.0,6.0,41.0,28,70.11886483628504,95.95131908935043,25.961606623482922,0.33438433800428957,114.11939575385378
90.0,0.6,0.9,1.6,1.7,1.6,16.0,3.5,4.5,8.0,4.0,7.0,3.2,2.0,5.0,4.2,14.0,6.0,0.0,28,72.13191479218995,96.26351980206456,24.262185436177365,0.34189394227378866,121.09963450245242
90.0,0.7,0.8,1.3,1.0,1.0,21.0,3.5,4.5,7.0,11.0,7.0,3.2,3.0,6.0,4.0,10.0,2.0,45.0,28,68.63267528119104,95.63701404814236,27.131655351304744,0.3305903324665324,113.93574563950469
90.0,0.5,0.8,1.1,1.1,1.0,18.0,2.0,5.5,8.0,3.0,7.0,3.7,4.0,2.0,5.6,30.0,2.0,40.0,28,75.13783580335445,96.52612826155475,21.51906889066342,0.3561409402402233,141.88211297095555
90.0,0.5,0.9,1.4,1.0,1.1,21.0,4.0,5.0,13.0,5.0,7.0,4.7,2.0,6.0,5.0,10.0,6.0,39.0,28,72.86705151202278,96.07605179005543,23.343606057406895,0.35338355747834277,126.2579980947407
90.0,0.6,0.8,1.1,1.3,1.2,16.0,1.5,8.0,5.0,3.0,7.0,3.7,2.0,6.0,4.0,12.0,2.0,0.0,28,74.91378876710729,96.50039388367898,21.719154851376857,0.35253238285009914,131.149369859642
90.0,0.6,0.8,1.3,1.3,1.1,16.0,1.5,8.0,5.0,3.0,7.0,3.7,2.0,6.0,6.0,10.0,9.0,41.0,28,75.18208303086834,96.15973450835361,21.112970311338604,0.3667227913364396,144.1276854446562
90.0,0.6,0.8,1.3,1.3,1.1,16.0,1.5,8.0,5.0,13.0,7.0,3.7,2.0,6.0,4.2,10.0,6.0,0.0,28,74.33803936679678,96.54820806338512,22.341912332599186,0.3466260698055417,124.70819667582253
90.0,0.6,0.8,1.3,1.3,1.2,16.0,1.5,8.0,5.0,13.0,7.0,3.7,2.0,2.0,4.0,10.0,2.0,40.0,29,74.61962143443688,96.91755659387125,22.42808000899575,0.33901798014428575,118.09242153232665
90.0,1.0,0.8,1.3,1.0,1.0,21.0,3.5,4.5,7.0,13.0,7.0,3.2,2.0,6.0,4.0,10.0,2.0,45.0,29,67.75201516069144,95.46918458288894,27.84421938838034,0.3297840486437183,113.52617441705473
90.0,0.6,0.8,1.3,1.3,1.1,16.0,1.5,8.0,5.0,3.0,7.0,3.7,2.0,6.0,6.0,10.0,9.0,41.0,29,75.60092338426236,96.26841199237631,20.803477733503954,0.36704209350232964,142.59576408349216
90.0,0.5,0.8,1.3,1.0,1.0,21.0,1.5,6.0,8.0,3.0,7.0,3.7,2.0,6.0,6.0,20.0,0.0,45.0,29,75.19171338400643,96.19851654861282,21.141705031575682,0.36818483276909736,147.5716482457353
90.0,0.6,0.8,1.3,1.1,1.4,18.0,1.5,9.5,5.0,3.0,7.0,3.7,2.0,6.0,5.6,26.0,6.0,37.0,29,75.26329963941517,96.2270229386545,21.098227967885165,0.36809628607279565,148.6304231716914
90.0,0.7,0.8,1.3,1.0,1.0,21.0,3.5,4.5,7.0,11.0,7.0,3.2,3.0,6.0,4.0,10.0,2.0,45.0,29,69.37689855491038,95.79164942499565,26.54249151347856,0.3313658262729762,113.82680922962851
90.0,0.6,0.8,1.1,1.3,1.2,16.0,1.5,8.0,5.0,3.0,7.0,3.7,2.0,6.0,4.0,12.0,2.0,0.0,29,75.23546101977493,96.67390652387036,21.570616138532642,0.3491492871375743,127.2120273947315
90.0,0.6,0.8,1.3,1.3,1.1,16.0,1.5,8.0,5.0,13.0,7.0,3.7,2.0,6.0,4.2,10.0,6.0,0.0,29,74.33803936679678,96.54820806338512,22.341912332599186,0.3466260698055417,124.70819667582253
90.0,0.5,0.9,1.4,1.0,1.1,21.0,4.0,5.0,13.0,5.0,7.0,4.7,2.0,6.0,5.0,10.0,6.0,39.0,29,72.59788349751187,96.00510609044429,23.541474743209193,0.35284474330445703,126.51066412632093
90.0,0.5,0.8,1.1,1.1,1.0,18.0,1.5,6.0,8.0,3.0,7.0,3.7,4.0,2.0,5.6,26.0,2.0,40.0,29,75.60769942927855,96.63079451215219,21.15425962024677,0.35624614221568623,140.87560120415674
90.0,0.5,0.8,1.1,1.1,1.0,18.0,2.0,5.5,8.0,3.0,7.0,3.7,4.0,2.0,5.6,30.0,2.0,40.0,29,75.71179992943891,96.60126286283273,21.020551667997566,0.3594518590263213,145.91158472821667
90.0,0.5,0.8,1.3,1.0,1.0,21.0,4.0,4.5,11.0,9.0,7.0,3.2,2.0,6.0,5.8,20.0,0.0,47.0,29,71.28777226674086,95.47403131162899,24.31841197837751,0.3589905369149843,142.0270049043014
90.0,0.6,0.8,1.3,1.3,1.2,16.0,1.5,8.0,5.0,13.0,7.0,3.7,2.0,2.0,4.0,10.0,2.0,40.0,30,74.61962143443688,96.91755659387125,22.42808000899575,0.33901798014428575,118.09242153232665
90.0,1.0,0.8,1.3,1.0,1.0,21.0,3.5,4.5,7.0,13.0,7.0,3.2,2.0,6.0,4.0,10.0,2.0,45.0,30,67.75201516069144,95.46918458288894,27.84421938838034,0.3297840486437183,113.52617441705473
90.0,0.5,0.8,1.3,1.0,1.0,21.0,1.5,6.0,8.0,3.0,7.0,3.7,2.0,6.0,6.0,20.0,0.0,45.0,30,75.89829892689372,96.33777630034851,20.575028773681762,0.36988862457682303,148.17873618430147
90.0,0.6,0.8,1.3,1.1,1.4,18.0,1.5,9.5,5.0,3.0,7.0,3.7,2.0,6.0,5.6,26.0,6.0,37.0,30,75.64812472956139,96.38110053732422,20.867420975913873,0.36857221455459677,149.52281737876854
90.0,0.5,0.8,1.1,1.1,1.0,18.0,1.5,6.0,8.0,3.0,7.0,3.7,4.0,2.0,5.6,26.0,2.0,40.0,30,76.75683381358455,96.80398857975226,20.17895853638881,0.36111922422709275,146.26752567733817
90.0,0.7,0.8,1.3,1.0,1.0,21.0,3.5,4.5,7.0,11.0,7.0,3.2,3.0,6.0,4.0,10.0,2.0,45.0,30,69.93506601019989,95.90762595763564,26.100618635108923,0.3319474466278091,113.74510692222138
90.0,0.5,0.9,1.4,1.0,1.1,21.0,4.0,5.0,13.0,5.0,7.0,4.7,2.0,6.0,5.0,10.0,6.0,39.0,30,72.86705151202278,96.07605179005543,23.343606057406895,0.35338355747834277,126.2579980947407
90.0,0.6,0.8,1.3,1.1,1.4,19.0,2.0,4.5,7.0,4.0,7.0,3.2,2.0,6.0,4.0,26.0,6.0,37.0,30,74.37838455196015,96.42275723571322,22.17609893062636,0.35556391479051563,138.16713156588895
90.0,0.6,0.8,1.1,1.3,1.1,16.0,1.5,9.0,5.0,3.0,6.5,3.7,2.0,6.0,4.0,12.0,2.0,0.0,30,75.19056177969182,96.63413856733439,21.575875825484815,0.3502069954476297,128.41337964470614
90.0,0.6,0.8,1.3,1.3,1.1,16.0,1.5,8.0,5.0,13.0,7.0,3.7,2.0,6.0,4.2,10.0,6.0,0.0,30,74.75889063620868,96.68976715864994,22.06268424944939,0.3452195523541563,122.4061475068669
90.0,0.6,0.8,1.1,1.3,1.2,16.0,1.5,8.0,5.0,3.0,7.0,3.7,2.0,6.0,4.0,12.0,2.0,0.0,30,75.47671520927565,96.80404100401388,21.459212103899482,0.34661196535318073,124.25902054604862
90.0,0.6,0.8,1.3,1.3,1.1,18.0,1.5,10.0,5.0,3.0,7.0,3.7,2.0,6.0,5.6,10.0,10.0,41.0,30,75.3425306817128,96.2955083832327,21.08825061187267,0.36405278989342704,140.26045378184662
